{
  "viscosity_ratio": 45.78577123356162,
  "reynolds_stress": [
    -0.0,
    -0.0007660834380790678,
    -0.00667123244934805,
    -0.005925039484310863,
    -0.006288036183760463,
    -0.006438970091132299,
    -0.0066480059538024236,
    -0.006784389022160924,
    -0.006868765460998488,
    -0.006899263730463386,
    -0.006883078735209062,
    -0.00682507616551915,
    -0.006729918223265211,
    -0.006601664792090153,
    -0.006443619252902614,
    -0.006257960181204516,
    -0.006045529236986748,
    -0.005805971024676212,
    -0.005538210732295185,
    -0.005241048877276748,
    -0.004913650681738418,
    -0.004555836199339793,
    -0.004168189041415958,
    -0.0037520500914230703,
    -0.0033094215421085316,
    -0.00284299792532943,
    -0.0023553464017401445,
    -0.0018527199630829732,
    -0.0013246376068881847,
    -0.0008451012635521489,
    -0.00017239789110610736,
    0.0002009603449294035
  ],
  "drag_coefficient": 0.045388525496870794,
  "kinetic_energy": 3.066607059092082,
  "sediment_flux": 3.5657618165495654e-05,
  "phase_portrait": [
    [
      -0.39017527780457484,
      0.020110098518544138
    ],
    [
      -0.2656117952507525,
      0.013130853870007498
    ],
    [
      -0.09515766922073945,
      0.0037906559404600085
    ],
    [
      0.10110508719341205,
      0.006715033597622711
    ],
    [
      0.29609350654465916,
      0.016712582210345907
    ],
    [
      0.4737118912355332,
      0.02560860638964776
    ],
    [
      0.6332297664870903,
      0.03387547584335583
    ],
    [
      0.758795972298504,
      0.04043372333523857
    ],
    [
      0.8198621115173526,
      0.04329184648649056
    ],
    [
      0.8025708248792798,
      0.041714500651157796
    ],
    [
      0.7469114836129134,
      0.03849528320620398
    ],
    [
      0.6539807783791237,
      0.03354554750093752
    ],
    [
      0.4984433278124476,
      0.024996181226983938
    ],
    [
      0.30075235323703275,
      0.01414181570642738
    ],
    [
      0.0860007912051865,
      0.0024866530426535275
    ],
    [
      -0.11963656906432805,
      0.008435806134168748
    ],
    [
      -0.28992549279849544,
      0.017080242981490388
    ],
    [
      -0.4013529845516975,
      0.022070375443497766
    ],
    [
      -0.4603447481449533,
      0.024548576571247163
    ],
    [
      -0.4641537941896401,
      0.024427765620127464
    ],
    [
      -0.4054618387813519,
      0.020967893440534725
    ]
  ],
  "regime": "turbulent",
  "profiles": {
    "nu_t": [
      0.0,
      3.514174707216281e-05,
      0.0018967395099125882,
      0.002368772850027765,
      0.0030616256854938367,
      0.0046807498594314,
      0.006468475687252952,
      0.008377918469786949,
      0.010482885910389848,
      0.012794112393966101,
      0.015326685017346051,
      0.01809104805797107,
      0.021095271641013064,
      0.024343786364291548,
      0.027835927094304772,
      0.031563405851155905,
      0.0355068715966021,
      0.039631983743819876,
      0.04388562541936953,
      0.04819254860999206,
      0.05245226111149742,
      0.056535688031253105,
      0.060281035896676285,
      0.06348812914626155,
      0.06590953505561858,
      0.06723724776895844,
      0.06706595875129473,
      0.06489384675364875,
      0.05959254103565847,
      0.05146237078507642,
      0.024930327193510043,
      0.029060765079450324
    ],
    "C": [
      1.0,
      0.007170306801111318,
      0.0026971908548860894,
      0.0014529941131353125,
      0.0008426260482588714,
      0.0005179850038877153,
      0.00033183365077336924,
      0.0002185676723804583,
      0.00014700518437515926,
      0.00010051940713871532,
      6.965525267171094e-05,
      4.8808416963507075e-05,
      3.453876455664498e-05,
      2.4667747192673263e-05,
      1.7776582845122528e-05,
      1.292085531116191e-05,
      9.464181110053842e-06,
      6.976464103020127e-06,
      5.167159984051482e-06,
      3.839378263543033e-06,
      2.858367528685464e-06,
      2.1305077966466488e-06,
      1.5896643789443381e-06,
      1.188386060364979e-06,
      8.921662688554835e-07,
      6.756257046873515e-07,
      5.199075414674369e-07,
      4.109145270312132e-07,
      3.379172720001958e-07,
      2.9337656120955835e-07,
      2.699356770758287e-07,
      2.699356770758287e-07
    ],
    "Ri_g": [
      0.4373043609322077,
      0.5998920440341783,
      0.0219288443973604,
      0.023259788286487896,
      0.02280693777381281,
      0.019512039606371323,
      0.016358830288442427,
      0.013825992991651262,
      0.011709915713761124,
      0.009951242402732907,
      0.008486962843897636,
      0.0072627283366030896,
      0.00623381840733239,
      0.00536721176794696,
      0.004640314964985553,
      0.0040370165385208235,
      0.003542975308461359,
      0.003142892347457548,
      0.002820752909030453,
      0.0025616179229589722,
      0.002353067249493476,
      0.0021855937362296137,
      0.0020522860304937733,
      0.0019483343870027614,
      0.0018707076465699249,
      0.0018181206311931328,
      0.0017919872955902698,
      0.001796133557627705,
      0.0018585770351403582,
      0.0019275867299575807,
      0.00371336705066033,
      -0.0037133670506595516
    ],
    "z": [
      0.0,
      0.02517165806736943,
      0.053659271319698165,
      0.08587676619168982,
      0.12228323465015678,
      0.16338600298989703,
      0.20974334172813358,
      0.26196659867518457,
      0.32072148213376617,
      0.3867281599224265,
      0.4607597747813824,
      0.5436389116540963,
      0.6362314935230085,
      0.7394375388237029,
      0.8541781969892226,
      0.9813785045814333,
      1.1219453906246484,
      1.2767406253616231,
      1.446548669678841,
      1.6320397557184378,
      1.8337290150603107,
      2.0519330549507595,
      2.286726028164355,
      2.537897883958578,
      2.8049180349827054,
      3.0869080165175946,
      3.3826267336345017,
      3.6904714906212566,
      4.0084971235407565,
      4.334454231991965,
      4.665845839617006,
      5.0
    ]
  },
  "params": {
    "Re": 1000,
    "S": 0.1,
    "Lambda": 5.0
  },
  "converged": true,
  "n_cycles_run": 17
}