{
  "viscosity_ratio": 7.0667484652712345,
  "reynolds_stress": [
    -0.0,
    -0.0016783765470567424,
    -0.004697356887084071,
    -0.007020825018463285,
    -0.008700969274855447,
    -0.009968170178076094,
    -0.010962476492347634,
    -0.011690004342631974,
    -0.01205226599899165,
    -0.012256193798846642,
    -0.012603955267874606,
    -0.013039630382046112,
    -0.01339882991273745,
    -0.013638472539460243,
    -0.013743467301723286,
    -0.013711152939972118,
    -0.013544343006036554,
    -0.013248662894652298,
    -0.012830981721346372,
    -0.012298338792335035,
    -0.011657165678268524,
    -0.010912912794925097,
    -0.010070215723434138,
    -0.009133556018631929,
    -0.008108094239552747,
    -0.007000619883947113,
    -0.005818846116795897,
    -0.004578361850829809,
    -0.0032657275336172723,
    -0.002035196599493105,
    -0.0004026836128779505,
    0.0004686989423728558
  ],
  "drag_coefficient": 0.14168183658918307,
  "kinetic_energy": 2.672361686989255,
  "sediment_flux": 0.0005415757178616904,
  "phase_portrait": [
    [
      -0.14596424258953647,
      0.061548202132763664
    ],
    [
      -0.08790574311073188,
      0.034278111318795094
    ],
    [
      -0.016691801682342786,
      0.001962370694194404
    ],
    [
      0.0587294624434036,
      0.030960062982350652
    ],
    [
      0.1305159208269687,
      0.06190936450110109
    ],
    [
      0.19421768109659765,
      0.08934919826359995
    ],
    [
      0.24579079726755296,
      0.11138025402503637
    ],
    [
      0.2801275549618526,
      0.12556770350659663
    ],
    [
      0.29289844423651024,
      0.1298515635894099
    ],
    [
      0.2816705892597927,
      0.12311883456029761
    ],
    [
      0.2464220212378801,
      0.10547621785245091
    ],
    [
      0.18992008640192481,
      0.07842884636466003
    ],
    [
      0.11773348319186214,
      0.04485873534687038
    ],
    [
      0.037715656830322214,
      0.008726307257707214
    ],
    [
      -0.040736492997000336,
      0.02526929110870895
    ],
    [
      -0.10815885146509904,
      0.0533363023114332
    ],
    [
      -0.15956525748822564,
      0.07457639807880877
    ],
    [
      -0.19221600148146026,
      0.0875440124241088
    ],
    [
      -0.20309571861693287,
      0.09073136580206072
    ],
    [
      -0.19035812484300127,
      0.08327946040852181
    ],
    [
      -0.1544411672369026,
      0.06550668165694613
    ]
  ],
  "regime": "laminar",
  "profiles": {
    "nu_t": [
      0.0,
      0.0004609237115386698,
      0.0020155675712789636,
      0.0038141725518684682,
      0.005622176684400061,
      0.00742578494136857,
      0.009003768817978666,
      0.010421392898606621,
      0.011866453358792082,
      0.014272954299418031,
      0.019082826589804657,
      0.023961700590985863,
      0.029115087663155362,
      0.03461267539083933,
      0.04046679754311201,
      0.04666863470924273,
      0.05318878455805226,
      0.059975432558207385,
      0.06695040982673346,
      0.07400388322776469,
      0.08098734396107525,
      0.08770470864435992,
      0.09390179730226758,
      0.09925441628799246,
      0.10335333144183192,
      0.1056826710754342,
      0.10556705943226552,
      0.10214288941615786,
      0.09367100521917919,
      0.07992184214053058,
      0.038130044719033376,
      0.0443811054306165
    ],
    "C": [
      1.0,
      0.08649027511771672,
      0.03223068426622407,
      0.01771992702620772,
      0.011271335605644122,
      0.007684494670063435,
      0.005432376236092246,
      0.0039069938811034655,
      0.0028428463101300852,
      0.0020940452682154725,
      0.0016047832497788023,
      0.0012563680839862972,
      0.0009918056678270577,
      0.0007875328314022133,
      0.0006282914847636222,
      0.000503261762189192,
      0.0004044959603646457,
      0.00032604101297232705,
      0.000263384340193119,
      0.00021308316506846777,
      0.00017250811490730295,
      0.00013965779248315278,
      0.0001130154548096851,
      9.143243370244317e-05,
      7.40335878986154e-05,
      6.014409832855069e-05,
      4.923531898971875e-05,
      4.088910495347366e-05,
      3.476427230139408e-05,
      3.0637517819396775e-05,
      2.8174848323305037e-05,
      2.8174848323305037e-05
    ],
    "Ri_g": [
      0.08248223286683216,
      0.04984449589926358,
      0.005333641087722936,
      0.0026534382926230375,
      0.0020725553137643797,
      0.001931306563147151,
      0.00195493022167774,
      0.0020388286565604166,
      0.0020497256031706368,
      0.0018567124981495515,
      0.001540434817016026,
      0.0013519973490991237,
      0.0012340709088492303,
      0.0011398981360319434,
      0.0010626285863970578,
      0.000999383210657945,
      0.0009484969745170485,
      0.0009089746518315158,
      0.0008802825619871814,
      0.0008621934531481889,
      0.0008546385330010522,
      0.0008576221224082156,
      0.000871274993541363,
      0.00089606693935011,
      0.0009331670643093579,
      0.000985007733252663,
      0.0010565401828430943,
      0.0011572165275523245,
      0.0013163955456291872,
      0.0015525486235774524,
      0.003345391358670963,
      -0.0033453913586706753
    ],
    "z": [
      0.0,
      0.02517165806736943,
      0.053659271319698165,
      0.08587676619168982,
      0.12228323465015678,
      0.16338600298989703,
      0.20974334172813358,
      0.26196659867518457,
      0.32072148213376617,
      0.3867281599224265,
      0.4607597747813824,
      0.5436389116540963,
      0.6362314935230085,
      0.7394375388237029,
      0.8541781969892226,
      0.9813785045814333,
      1.1219453906246484,
      1.2767406253616231,
      1.446548669678841,
      1.6320397557184378,
      1.8337290150603107,
      2.0519330549507595,
      2.286726028164355,
      2.537897883958578,
      2.8049180349827054,
      3.0869080165175946,
      3.3826267336345017,
      3.6904714906212566,
      4.0084971235407565,
      4.334454231991965,
      4.665845839617006,
      5.0
    ]
  },
  "params": {
    "Re": 100,
    "S": 0.1,
    "Lambda": 0.1
  },
  "converged": true,
  "n_cycles_run": 9
}