{
  "viscosity_ratio": 14.851544550765984,
  "reynolds_stress": [
    -0.0,
    -0.0031590243882570466,
    -0.005697027140062231,
    -0.0067939940757718986,
    -0.007537904982113511,
    -0.00825429002761927,
    -0.008333144405640683,
    -0.008279899789813592,
    -0.008657147198296673,
    -0.008912117623366614,
    -0.009130006784878117,
    -0.009263634638576938,
    -0.009319043571673827,
    -0.009299853731104799,
    -0.009211933538033165,
    -0.009061028267627638,
    -0.008852159527645403,
    -0.008588791466406932,
    -0.0082724317784398,
    -0.007902845075501848,
    -0.0074787804173242385,
    -0.006998849066483269,
    -0.006462217949867253,
    -0.005869136184605027,
    -0.005220742121333534,
    -0.0045211207682601335,
    -0.003768221527421693,
    -0.0029939376183369315,
    -0.0020992831440737442,
    -0.0014823614460383605,
    -0.00014826548246045672,
    0.0006770898556112099
  ],
  "drag_coefficient": 0.08252764632407904,
  "kinetic_energy": 2.78063639629483,
  "sediment_flux": 0.001058437696734557,
  "phase_portrait": [
    [
      -0.24634330946097324,
      0.037424474763022936
    ],
    [
      -0.15676173864918153,
      0.022073777913792277
    ],
    [
      -0.04150700812306012,
      0.0029412525878586507
    ],
    [
      0.08450715548651001,
      0.01711639488494554
    ],
    [
      0.20203304544533474,
      0.034724771429649276
    ],
    [
      0.30667033868633803,
      0.05086395675838495
    ],
    [
      0.38723889503120174,
      0.06307378912539467
    ],
    [
      0.44076574865677093,
      0.07102885928926589
    ],
    [
      0.46182807833963085,
      0.07369529737254177
    ],
    [
      0.44733553245518476,
      0.07049382981140963
    ],
    [
      0.39686080507367943,
      0.06136369420547134
    ],
    [
      0.3130420521925085,
      0.046797488591553214
    ],
    [
      0.20235851830199122,
      0.027969163545963252
    ],
    [
      0.07456902080300075,
      0.006721453336910249
    ],
    [
      -0.056524108540006536,
      0.014226487920657272
    ],
    [
      -0.17001208574714893,
      0.031043818338986732
    ],
    [
      -0.2559236737002232,
      0.04313882133620998
    ],
    [
      -0.30934592260183136,
      0.050749467004260605
    ],
    [
      -0.3283856368358056,
      0.05276783088716986
    ],
    [
      -0.3109426432358589,
      0.04894988936310178
    ],
    [
      -0.25772202749744644,
      0.03937576793628003
    ]
  ],
  "regime": "turbulent",
  "profiles": {
    "nu_t": [
      0.0,
      0.0004965824194645029,
      0.002043767853656991,
      0.0032107034787671198,
      0.004123123507867758,
      0.004607026782521979,
      0.0052372286254844256,
      0.007093709766737895,
      0.0101938970483023,
      0.01304768809900253,
      0.016094720634004238,
      0.019365208466702633,
      0.022888322348286555,
      0.026673926196313685,
      0.03072225330788722,
      0.03502180083219762,
      0.039547373667970835,
      0.04425630259079375,
      0.04908363858920161,
      0.05393685645013823,
      0.05869065250851867,
      0.06318203660502734,
      0.0672052624640951,
      0.07050631964486141,
      0.07277111559808101,
      0.0736265085800779,
      0.07252168601084394,
      0.0691360180650886,
      0.06084179933888626,
      0.053834054606356804,
      0.011682315605259161,
      0.05334204739798872
    ],
    "C": [
      1.0,
      0.1666576730872948,
      0.09180149949055033,
      0.0626788477836639,
      0.04535467239546944,
      0.033200266710324715,
      0.024209768853445904,
      0.018325887346828204,
      0.014843742561838357,
      0.012193075637915586,
      0.01008262694996586,
      0.0083828031154695,
      0.007001310593076185,
      0.005869929415545499,
      0.004936771792811362,
      0.004161749587863942,
      0.003513577456439803,
      0.002967769511084884,
      0.0025052462586214698,
      0.0021112619919984345,
      0.00177448367328986,
      0.001486188829818463,
      0.0012396097472113924,
      0.0010294348666979518,
      0.0008514419164165845,
      0.0007022476863157648,
      0.0005790722431272511,
      0.0004798409758839986,
      0.0004022287058037974,
      0.0003473467606215063,
      0.0003075456864800218,
      0.0003075456864800218
    ],
    "Ri_g": [
      0.12421669102160013,
      0.11097987905441488,
      0.030426719044964533,
      0.030718321032657092,
      0.03793142326551029,
      0.04893390174827393,
      0.05691836106656207,
      0.050702529652631646,
      0.0418052689151954,
      0.04089735537281775,
      0.04050776169050156,
      0.04021023310570822,
      0.04001367601169177,
      0.0399511817937538,
      0.04005740133826191,
      0.040369783723541296,
      0.040927172443687314,
      0.04176651579686733,
      0.04291915939697618,
      0.04441089513616067,
      0.04626704280020729,
      0.0485199930445386,
      0.051216813865198864,
      0.05442723386573028,
      0.058258749710637686,
      0.06287059811228048,
      0.06859220979949972,
      0.07567304366789725,
      0.08679684261399978,
      0.09524400489741432,
      0.1871342940664859,
      -0.18713429406647322
    ],
    "z": [
      0.0,
      0.02517165806736943,
      0.053659271319698165,
      0.08587676619168982,
      0.12228323465015678,
      0.16338600298989703,
      0.20974334172813358,
      0.26196659867518457,
      0.32072148213376617,
      0.3867281599224265,
      0.4607597747813824,
      0.5436389116540963,
      0.6362314935230085,
      0.7394375388237029,
      0.8541781969892226,
      0.9813785045814333,
      1.1219453906246484,
      1.2767406253616231,
      1.446548669678841,
      1.6320397557184378,
      1.8337290150603107,
      2.0519330549507595,
      2.286726028164355,
      2.537897883958578,
      2.8049180349827054,
      3.0869080165175946,
      3.3826267336345017,
      3.6904714906212566,
      4.0084971235407565,
      4.334454231991965,
      4.665845839617006,
      5.0
    ]
  },
  "params": {
    "Re": 300,
    "S": 0.05,
    "Lambda": 0.5
  },
  "converged": true,
  "n_cycles_run": 14
}