{
  "viscosity_ratio": 14.8111067319798,
  "reynolds_stress": [
    -0.0,
    -0.007226199062694137,
    -0.0102470905658642,
    -0.011282672260499739,
    -0.011960866718961127,
    -0.012124580265216294,
    -0.012363053986104686,
    -0.012555428773329057,
    -0.012633079887628565,
    -0.012585474112769552,
    -0.012414973645426864,
    -0.012125137159127117,
    -0.011719015903800086,
    -0.01119962039831078,
    -0.010570527712028845,
    -0.009836567647800885,
    -0.009004413010113567,
    -0.008083060893850736,
    -0.007084244251578788,
    -0.006022958287093001,
    -0.0049181239604290045,
    -0.0037950205632002127,
    -0.002681656380003091,
    -0.001645016619140657,
    -0.0006746278221252602,
    -6.525532275814161e-05,
    0.00016831780137636023,
    0.0002516893336688954,
    0.0002426316548792971,
    0.00018660314469052137,
    4.147214342439416e-05,
    -4.76250801318021e-05
  ],
  "drag_coefficient": 0.061463476371979006,
  "kinetic_energy": 3.373712976429368,
  "sediment_flux": 0.0011047140978033372,
  "phase_portrait": [
    [
      -0.2678939946887911,
      0.02573001538068773
    ],
    [
      -0.1771019095056913,
      0.01603376946795038
    ],
    [
      -0.05317455124144937,
      0.0031471300050654304
    ],
    [
      0.09230574990406865,
      0.011553273799579745
    ],
    [
      0.23032532799866973,
      0.02447619209318325
    ],
    [
      0.3546576370609512,
      0.03625637420035002
    ],
    [
      0.4601491954675903,
      0.04635988088479198
    ],
    [
      0.5384590297991408,
      0.05378071257484156
    ],
    [
      0.5822045739101425,
      0.05772474566448601
    ],
    [
      0.5857472249269631,
      0.057593827313425154
    ],
    [
      0.5467950853323751,
      0.053143401828134595
    ],
    [
      0.4669587297473853,
      0.044544932301793336
    ],
    [
      0.351673553493312,
      0.032380541650318
    ],
    [
      0.20993452685380015,
      0.017620219048429416
    ],
    [
      0.05396973971748498,
      0.0015979922561386512
    ],
    [
      -0.10042632768905661,
      0.013898393481085328
    ],
    [
      -0.22036925228054177,
      0.024689577860287068
    ],
    [
      -0.2958222289726807,
      0.03066568366187878
    ],
    [
      -0.3345759765292745,
      0.03379146382988047
    ],
    [
      -0.33157144458014354,
      0.03280744232809285
    ],
    [
      -0.2857939027937801,
      0.02757093227537982
    ]
  ],
  "regime": "turbulent",
  "profiles": {
    "nu_t": [
      0.0,
      0.0009988714557163357,
      0.00239274932905888,
      0.00363532144148427,
      0.004699000350861823,
      0.0060152820539338655,
      0.008606818002814461,
      0.01132072575679259,
      0.014230492319383569,
      0.017366131732006372,
      0.02072684274754336,
      0.02429921516322969,
      0.028054809677846307,
      0.03194720330739705,
      0.03590730837615354,
      0.03983780849232327,
      0.04360662681133697,
      0.0470391908826105,
      0.049908769602605985,
      0.05192356621870572,
      0.05270672531825317,
      0.05176981742242564,
      0.0483986483510367,
      0.041822562053252556,
      0.027509167903914566,
      0.013403671973049274,
      0.01608374919028869,
      0.023704307449694546,
      0.0253993146491253,
      0.024145654842006512,
      0.01226191112805388,
      0.014081126554438004
    ],
    "C": [
      1.0,
      0.16990759951920578,
      0.0712851623233705,
      0.038927176743102365,
      0.02364200802557554,
      0.015465669697123438,
      0.0108976377424943,
      0.007986800298426354,
      0.005962679630312324,
      0.004503031089992125,
      0.003425919740579129,
      0.0026179246642649445,
      0.002004299081142441,
      0.0015338744770041356,
      0.0011706313321585156,
      0.0008886562437902339,
      0.0006689749349608865,
      0.0004974999089506614,
      0.0003636734130295795,
      0.0002595472203468697,
      0.00017912574123481967,
      0.00011786654958617662,
      7.226520992966871e-05,
      3.960171223384443e-05,
      1.7109763385667127e-05,
      4.918493685951728e-06,
      1.1283055767886467e-06,
      4.369080437221002e-07,
      2.549080519519902e-07,
      1.8473566543255992e-07,
      1.5821794936266276e-07,
      1.5821794936266276e-07
    ],
    "Ri_g": [
      0.0,
      0.0,
      0.0,
      0.0,
      0.0,
      0.0,
      0.0,
      0.0,
      0.0,
      0.0,
      0.0,
      0.0,
      0.0,
      0.0,
      0.0,
      0.0,
      0.0,
      0.0,
      0.0,
      0.0,
      0.0,
      0.0,
      0.0,
      0.0,
      0.0,
      0.0,
      0.0,
      0.0,
      0.0,
      0.0,
      0.0,
      -0.0
    ],
    "z": [
      0.0,
      0.02517165806736943,
      0.053659271319698165,
      0.08587676619168982,
      0.12228323465015678,
      0.16338600298989703,
      0.20974334172813358,
      0.26196659867518457,
      0.32072148213376617,
      0.3867281599224265,
      0.4607597747813824,
      0.5436389116540963,
      0.6362314935230085,
      0.7394375388237029,
      0.8541781969892226,
      0.9813785045814333,
      1.1219453906246484,
      1.2767406253616231,
      1.446548669678841,
      1.6320397557184378,
      1.8337290150603107,
      2.0519330549507595,
      2.286726028164355,
      2.537897883958578,
      2.8049180349827054,
      3.0869080165175946,
      3.3826267336345017,
      3.6904714906212566,
      4.0084971235407565,
      4.334454231991965,
      4.665845839617006,
      5.0
    ]
  },
  "params": {
    "Re": 500,
    "S": 0.1,
    "Lambda": 0.0
  },
  "converged": true,
  "n_cycles_run": 6
}