{
  "viscosity_ratio": 27.322942922975358,
  "reynolds_stress": [
    -0.0,
    -0.004787197270803732,
    -0.007013197051681751,
    -0.007764097355303053,
    -0.008408864611931414,
    -0.00870154070426482,
    -0.008756025965875953,
    -0.009100433327121207,
    -0.009277168504922783,
    -0.009437270164087718,
    -0.009511496446485352,
    -0.009516656415441858,
    -0.009455253235876671,
    -0.00933278899103465,
    -0.009154021953482194,
    -0.008923345447213895,
    -0.008644293536892386,
    -0.008319198713539703,
    -0.007949076688331677,
    -0.007533913512682713,
    -0.0070732682042772424,
    -0.0065669496091087624,
    -0.006015546464223741,
    -0.005420726805556488,
    -0.004785277158474234,
    -0.0041132072049659294,
    -0.0034085213470834786,
    -0.002680751204917927,
    -0.0019150042031632942,
    -0.0012197449128039852,
    -0.00024558238233177973,
    0.00029336822894196837
  ],
  "drag_coefficient": 0.06186480270011013,
  "kinetic_energy": 2.9312083126997783,
  "sediment_flux": 0.0006338326303843884,
  "phase_portrait": [
    [
      -0.29592967905289835,
      0.028216299656327343
    ],
    [
      -0.1972511990752803,
      0.017720168055958732
    ],
    [
      -0.06489154101655926,
      0.003971893682009869
    ],
    [
      0.08788994707470967,
      0.011441665793849106
    ],
    [
      0.23531570507090274,
      0.025423931223647615
    ],
    [
      0.36160667588735895,
      0.03721521222670053
    ],
    [
      0.45914487554907424,
      0.04632240624351178
    ],
    [
      0.5263494883615885,
      0.05253462466300714
    ],
    [
      0.5575137849414027,
      0.055153523915515805
    ],
    [
      0.5486397812272026,
      0.053725372222455124
    ],
    [
      0.4983092579825018,
      0.04809495382766284
    ],
    [
      0.4087382049142266,
      0.03849519050971077
    ],
    [
      0.28592368290706527,
      0.025562687855474095
    ],
    [
      0.13898503752437957,
      0.010253973004738855
    ],
    [
      -0.020011553992482264,
      0.005921891139041391
    ],
    [
      -0.16867180439876917,
      0.0203893174423361
    ],
    [
      -0.2815129065000771,
      0.03022143853496972
    ],
    [
      -0.3495003678804696,
      0.035718451728511055
    ],
    [
      -0.37748443685587163,
      0.03783123778471948
    ],
    [
      -0.36425697559064274,
      0.035796825863335324
    ],
    [
      -0.3087023285566671,
      0.029569362977673708
    ]
  ],
  "regime": "turbulent",
  "profiles": {
    "nu_t": [
      0.0,
      0.000619615499408691,
      0.0020968567255149834,
      0.0031362749412443846,
      0.003977538225860623,
      0.004676415382301842,
      0.006401320673830142,
      0.009219890784023547,
      0.011805577163151143,
      0.014666656187224677,
      0.017766516180523845,
      0.021139666462555266,
      0.02479589701665365,
      0.02874140760803642,
      0.03297406846001945,
      0.037482458509356685,
      0.04224295777813956,
      0.04721588616503859,
      0.052340590617943855,
      0.05753008668867709,
      0.06266588591929076,
      0.06759319741260701,
      0.07211597691351332,
      0.0759906774229544,
      0.07891631751235047,
      0.08051916405020702,
      0.0803088016348647,
      0.07768023197140887,
      0.07126968252923974,
      0.06145952119602597,
      0.02939274500618053,
      0.035112175550220635
    ],
    "C": [
      1.0,
      0.11137535014878906,
      0.045383136207928304,
      0.02417363393247094,
      0.014051914521817985,
      0.008625363547410472,
      0.005651749734535779,
      0.00392700176340554,
      0.00279257363010324,
      0.0020121933271451476,
      0.0014650927860063064,
      0.0010758995618955455,
      0.0007959435165433083,
      0.0005927510836527611,
      0.000444154758958456,
      0.0003347280444010803,
      0.00025357516482930816,
      0.00019293272932148806,
      0.00014725764460138684,
      0.0001125985290115201,
      8.613861465526475e-05,
      6.585876041777286e-05,
      5.029532314051259e-05,
      3.837218837255819e-05,
      2.9286643527877976e-05,
      2.2432025778050584e-05,
      1.734444382760616e-05,
      1.3667215148489515e-05,
      1.1120271159525413e-05,
      9.508780856956121e-06,
      8.617429412893584e-06,
      8.617429412893584e-06
    ],
    "Ri_g": [
      0.08563774600938218,
      0.08987473819333763,
      0.025543644966259847,
      0.023208872447341544,
      0.02379464653648972,
      0.02314820524311246,
      0.0193555569750591,
      0.015778282314265767,
      0.013891055741052037,
      0.012325682698979115,
      0.010975347264079036,
      0.009795977448925545,
      0.008766203195334298,
      0.007867969770213503,
      0.007087697688699683,
      0.006415720624678221,
      0.005845161222693562,
      0.005369683690118707,
      0.004981503178004063,
      0.004671002780212737,
      0.0044279718622922595,
      0.0042432928062941504,
      0.004110073676314423,
      0.00402412492646324,
      0.0039842961914577845,
      0.003993184344154908,
      0.004060100842385373,
      0.0042021122181924225,
      0.0044981375302549495,
      0.004857075237627762,
      0.009672537859249557,
      -0.009672537859248381
    ],
    "z": [
      0.0,
      0.02517165806736943,
      0.053659271319698165,
      0.08587676619168982,
      0.12228323465015678,
      0.16338600298989703,
      0.20974334172813358,
      0.26196659867518457,
      0.32072148213376617,
      0.3867281599224265,
      0.4607597747813824,
      0.5436389116540963,
      0.6362314935230085,
      0.7394375388237029,
      0.8541781969892226,
      0.9813785045814333,
      1.1219453906246484,
      1.2767406253616231,
      1.446548669678841,
      1.6320397557184378,
      1.8337290150603107,
      2.0519330549507595,
      2.286726028164355,
      2.537897883958578,
      2.8049180349827054,
      3.0869080165175946,
      3.3826267336345017,
      3.6904714906212566,
      4.0084971235407565,
      4.334454231991965,
      4.665845839617006,
      5.0
    ]
  },
  "params": {
    "Re": 500,
    "S": 0.1,
    "Lambda": 0.5
  },
  "converged": true,
  "n_cycles_run": 13
}