{
  "viscosity_ratio": 11.399720712122763,
  "reynolds_stress": [
    -0.0,
    -0.003169428318913471,
    -0.0044482815551770815,
    -0.004995049176669776,
    -0.005413831801501567,
    -0.005960571700384708,
    -0.005831366941084108,
    -0.0056400966561174605,
    -0.005925542560048212,
    -0.006019117423029183,
    -0.006094914972945158,
    -0.006116076072616555,
    -0.006088933393164065,
    -0.006017023324982054,
    -0.005905494155096768,
    -0.005759024882526804,
    -0.0055810311907006135,
    -0.005373014670890157,
    -0.005134796230380064,
    -0.004865480777364754,
    -0.004563676124698812,
    -0.00422967273355056,
    -0.0038603831412974206,
    -0.0034643741751237806,
    -0.0030223913583024113,
    -0.002585407763009717,
    -0.0020516944076232036,
    -0.0016391151923647754,
    -0.0009782716407359473,
    -0.0007004016790777271,
    -0.0,
    0.0038180316243269915
  ],
  "drag_coefficient": 0.06011675944203614,
  "kinetic_energy": 2.7506325251046277,
  "sediment_flux": 0.0059051544954337775,
  "phase_portrait": [
    [
      -0.3031462432780558,
      0.028728163069927395
    ],
    [
      -0.19586158411636667,
      0.017395170552179796
    ],
    [
      -0.05855841180060394,
      0.0031497928750976404
    ],
    [
      0.09609849067221111,
      0.012475159375437608
    ],
    [
      0.23549483323606524,
      0.025302117250635144
    ],
    [
      0.3513476900339145,
      0.035968719256224406
    ],
    [
      0.4435985241265239,
      0.04470790307872671
    ],
    [
      0.5032360460980995,
      0.05020263558147367
    ],
    [
      0.52403584586155,
      0.05179977536676869
    ],
    [
      0.5028026588545862,
      0.04912809702512254
    ],
    [
      0.4400318141437737,
      0.0422378109846485
    ],
    [
      0.3397402806542892,
      0.03156165545165082
    ],
    [
      0.20871142088229494,
      0.017842008071061947
    ],
    [
      0.05682368141149289,
      0.0021546926370854145
    ],
    [
      -0.10139131029525321,
      0.013799209989603973
    ],
    [
      -0.23242721304179048,
      0.025702214860000634
    ],
    [
      -0.3228561868643117,
      0.03319569941479418
    ],
    [
      -0.38232337029390917,
      0.03860820498451186
    ],
    [
      -0.40260962419238383,
      0.03999918230259221
    ],
    [
      -0.38028688571608477,
      0.03714472208595
    ],
    [
      -0.3163258434839323,
      0.030123039927886376
    ]
  ],
  "regime": "turbulent",
  "profiles": {
    "nu_t": [
      0.0,
      0.0009161579513568168,
      0.002201425286518376,
      0.0031840969890511487,
      0.0038512014794493663,
      0.003951123208554419,
      0.004164615299803433,
      0.005413948370402097,
      0.0077351277180300985,
      0.009676989349779105,
      0.0116239559875982,
      0.013596042123193758,
      0.015596285271516649,
      0.017610522754551848,
      0.019614952332609438,
      0.021575808346657784,
      0.023449019744086117,
      0.025179397465152936,
      0.02670056689198758,
      0.027937080468894676,
      0.028805434984873875,
      0.0292269716891212,
      0.02910552194963221,
      0.028420294923186824,
      0.02697065038529345,
      0.02508725092046406,
      0.021830194329947244,
      0.01919995399733706,
      0.01304001708510624,
      0.010912768835311941,
      0.0,
      0.12664828734673717
    ],
    "C": [
      1.0,
      0.6047177776131498,
      0.4978525146711372,
      0.43464764801370004,
      0.38498823019865774,
      0.3384863399385221,
      0.2897679482883142,
      0.246335991142622,
      0.22270993294722022,
      0.20278690649936698,
      0.1847488613129052,
      0.16825169377619753,
      0.1530730487499397,
      0.13904047168176806,
      0.1260087156758233,
      0.11385078640195252,
      0.10245498163820331,
      0.09172602895924735,
      0.08158683091003092,
      0.07197838163532194,
      0.06285796876444219,
      0.054198570391679315,
      0.04598659396247096,
      0.03822894159750199,
      0.0309389857540148,
      0.024179345082135102,
      0.01797188764613316,
      0.012499651278488476,
      0.007716447781648518,
      0.004051824971859447,
      0.0013275378189084423,
      0.0013275378189084423
    ],
    "Ri_g": [
      0.007690234346121944,
      0.009786056486294083,
      0.01026132619901722,
      0.017119370183691567,
      0.030485077782546596,
      0.056906201620561064,
      0.09284929037085335,
      0.09418065707492275,
      0.0732258974215255,
      0.07858701229545675,
      0.08567532459151912,
      0.09304917259393719,
      0.10062763330529279,
      0.10843601466897894,
      0.11649793231901,
      0.12482958933376725,
      0.13342796212605523,
      0.14226417979171285,
      0.15128481413842185,
      0.16041715937497733,
      0.16957849368662595,
      0.1786617179499163,
      0.18758760771524424,
      0.19616574971333753,
      0.20450489170616887,
      0.21200710354619925,
      0.21980966848205527,
      0.22544137652941446,
      0.233911906887716,
      0.2365410409925743,
      0.45430600355907413,
      -0.4543060035590535
    ],
    "z": [
      0.0,
      0.02517165806736943,
      0.053659271319698165,
      0.08587676619168982,
      0.12228323465015678,
      0.16338600298989703,
      0.20974334172813358,
      0.26196659867518457,
      0.32072148213376617,
      0.3867281599224265,
      0.4607597747813824,
      0.5436389116540963,
      0.6362314935230085,
      0.7394375388237029,
      0.8541781969892226,
      0.9813785045814333,
      1.1219453906246484,
      1.2767406253616231,
      1.446548669678841,
      1.6320397557184378,
      1.8337290150603107,
      2.0519330549507595,
      2.286726028164355,
      2.537897883958578,
      2.8049180349827054,
      3.0869080165175946,
      3.3826267336345017,
      3.6904714906212566,
      4.0084971235407565,
      4.334454231991965,
      4.665845839617006,
      5.0
    ]
  },
  "params": {
    "Re": 500,
    "S": 0.01,
    "Lambda": 0.1
  },
  "converged": false,
  "n_cycles_run": 20
}