{
  "viscosity_ratio": 7.194352500181165,
  "reynolds_stress": [
    -0.0,
    -0.00046899707985964903,
    -0.0016996754280851271,
    -0.0031580769714042445,
    -0.0045585818889706375,
    -0.005777721267104683,
    -0.0068153872872443325,
    -0.00772886075659391,
    -0.008506784754462175,
    -0.009201262755030467,
    -0.009786307194884715,
    -0.010344622409211864,
    -0.010805284974936546,
    -0.01122277012992986,
    -0.011547993439161007,
    -0.011804584702908674,
    -0.011965079088319777,
    -0.012118143107265505,
    -0.012230361216762683,
    -0.012332071646747923,
    -0.012524067380892158,
    -0.012737932417633996,
    -0.012948964859322499,
    -0.013143533036452609,
    -0.013314395273954968,
    -0.013457253409350637,
    -0.013569580071126982,
    -0.013649950826314578,
    -0.013697670064155253,
    -0.013712541145579373,
    -0.013694718730241034,
    -0.013644609219067991,
    -0.013562800300690145,
    -0.013450008276712213,
    -0.013307036273251426,
    -0.013134739200666193,
    -0.012933993203795659,
    -0.012705668737059547,
    -0.012450607460352928,
    -0.01216960390649301,
    -0.011863393266986934,
    -0.011532646611066719,
    -0.011177974370368552,
    -0.010799938064698414,
    -0.010399069204759127,
    -0.009975893351931081,
    -0.009530956696580503,
    -0.009064852382990757,
    -0.008578244157278179,
    -0.00807188561165422,
    -0.007546634152677591,
    -0.007003459667551044,
    -0.00644344858013735,
    -0.005867804733763343,
    -0.005277848474951156,
    -0.004675020299351569,
    -0.004060872728365472,
    -0.0034371804101921144,
    -0.002805482912129312,
    -0.0021701044615796603,
    -0.0015226982348073134,
    -0.0009264225522358691,
    -0.0001742750774808534,
    0.00018665363445798466
  ],
  "drag_coefficient": 0.14191600829571685,
  "kinetic_energy": 2.680721776643669,
  "sediment_flux": 9.303934911048518e-05,
  "phase_portrait": [
    [
      -0.07499630330694507,
      0.0637361299960696
    ],
    [
      -0.045839883716591395,
      0.03730893315087653
    ],
    [
      -0.010121278936569264,
      0.005631117656087834
    ],
    [
      0.027514051446027435,
      0.027143247569062216
    ],
    [
      0.0636747924951548,
      0.05850436088908413
    ],
    [
      0.09622492659927055,
      0.08659053538397697
    ],
    [
      0.12294939675582559,
      0.10943300519825727
    ],
    [
      0.14111818269953608,
      0.12458295049866068
    ],
    [
      0.14831326430662087,
      0.12988346542139315
    ],
    [
      0.14311542493150464,
      0.12411520747019088
    ],
    [
      0.12546562591596272,
      0.107347299541982
    ],
    [
      0.096854182654121,
      0.08110064693847728
    ],
    [
      0.060298959862758295,
      0.04828353743399791
    ],
    [
      0.01992369187774743,
      0.012752431633949186
    ],
    [
      -0.01934617113284772,
      0.021090246624925365
    ],
    [
      -0.053350573120126615,
      0.05010350097764055
    ],
    [
      -0.0798295831756629,
      0.07248077233160612
    ],
    [
      -0.0970093325002094,
      0.08659422533020365
    ],
    [
      -0.10319970390290546,
      0.09093635725413865
    ],
    [
      -0.09733445093020696,
      0.08460964542784424
    ],
    [
      -0.07958464472211392,
      0.06789047037660273
    ]
  ],
  "regime": "laminar",
  "profiles": {
    "nu_t": [
      0.0,
      0.00010112296870987353,
      0.0005793447458442136,
      0.0012202078636542395,
      0.001990910695435661,
      0.002831866909995608,
      0.003742503247828352,
      0.004625853808609022,
      0.005538072459404952,
      0.0064640033078462765,
      0.007289459104557641,
      0.008124926988064924,
      0.008933990253551207,
      0.00972531653981599,
      0.01037544642400991,
      0.010899145837716647,
      0.011950887997486241,
      0.012950920173893715,
      0.014037916297742007,
      0.016065576035332745,
      0.018409343278582794,
      0.02074687432675169,
      0.02313834557753043,
      0.025599498736912713,
      0.0281390704281564,
      0.03076193291140747,
      0.033470809881166616,
      0.03626691332266861,
      0.039150228865284534,
      0.04211962036345457,
      0.04517284471102275,
      0.04830651440296378,
      0.051516028024251606,
      0.054795478790621174,
      0.05813754560945257,
      0.061533367542545715,
      0.06497240009347471,
      0.06844225029220624,
      0.07192848721314407,
      0.07541442550140862,
      0.0788808816443418,
      0.08230590561078414,
      0.08566449304435739,
      0.08892828402365895,
      0.09206525216592915,
      0.09503938184146435,
      0.09781032161577631,
      0.10033298938216857,
      0.10255708930056373,
      0.10442648160839896,
      0.1058783203422026,
      0.10684183441236667,
      0.10723656203167417,
      0.1069697359838185,
      0.10593230472456906,
      0.10399272105654686,
      0.10098655901206308,
      0.09670001109529817,
      0.09082949215563435,
      0.08296305077001784,
      0.07209281007961339,
      0.05826990236393564,
      0.026149634065963427,
      0.02800702363809708
    ],
    "C": [
      1.0,
      0.04100856693940932,
      0.011494362201807362,
      0.005615826386017709,
      0.0034560450745471562,
      0.002394104049964954,
      0.0017765196432685904,
      0.0013758786470250116,
      0.0010971104549716228,
      0.0008928740763654809,
      0.0007369815648879301,
      0.0006149007511979948,
      0.0005170363245305959,
      0.0004370812795436448,
      0.00037090732864631965,
      0.0003151446410572013,
      0.00026900843630265687,
      0.0002302389195505101,
      0.00019724463312082303,
      0.00017072095419303515,
      0.00014951804736406632,
      0.0001315504141567354,
      0.00011604841109828009,
      0.00010258714411220353,
      9.085177490698491e-05,
      8.059095281552139e-05,
      7.15976756833149e-05,
      6.369866749868702e-05,
      5.6747406361183205e-05,
      5.061912598804342e-05,
      4.520703382242644e-05,
      4.04193502751693e-05,
      3.617693857954558e-05,
      3.2411378918873416e-05,
      2.906338827227913e-05,
      2.608151593458869e-05,
      2.3421061997724427e-05,
      2.1043176717498828e-05,
      1.8914105415581235e-05,
      1.700454838276131e-05,
      1.5289109622925296e-05,
      1.3745813107923334e-05,
      1.23556707233953e-05,
      1.1102291817412243e-05,
      9.971529328558077e-06,
      8.95116100368426e-06,
      8.030605821715818e-06,
      7.200675662192157e-06,
      6.453361198088932e-06,
      5.781649736893553e-06,
      5.179371832328819e-06,
      4.6410731499745565e-06,
      4.1619082399217775e-06,
      3.7375533900200494e-06,
      3.3641364560484696e-06,
      3.038182520290321e-06,
      2.756575168744461e-06,
      2.516536665676722e-06,
      2.31562495606415e-06,
      2.151805526624937e-06,
      2.023382643528452e-06,
      1.9303309889350843e-06,
      1.8694314221264081e-06,
      1.8694314221264081e-06
    ],