{
  "viscosity_ratio": 49.24935568211552,
  "reynolds_stress": [
    -0.0,
    -0.0003925889485042454,
    -0.005505170653562745,
    -0.0055103042727825515,
    -0.006075619209538567,
    -0.0064268180449713,
    -0.006692235015127882,
    -0.006901634600728901,
    -0.007010673992874064,
    -0.007108287240555034,
    -0.007153845305273235,
    -0.007267950277315073,
    -0.007360320789263959,
    -0.007444014755703036,
    -0.007511746696522608,
    -0.007564657594388551,
    -0.0076031557458013654,
    -0.007628001771034861,
    -0.007639919718331437,
    -0.007639603251865993,
    -0.007627697760824008,
    -0.007604804647979108,
    -0.0075714869348866435,
    -0.007528274225953531,
    -0.00747566510047231,
    -0.007414126445678205,
    -0.00734408971755875,
    -0.007265944555977796,
    -0.0071800306060845025,
    -0.007086628799662053,
    -0.0069859536422758805,
    -0.006878148130814261,
    -0.006763282706847529,
    -0.0066413591198840275,
    -0.006512319318268009,
    -0.006376058679870263,
    -0.006232442243544422,
    -0.006081322257338252,
    -0.005922555365713298,
    -0.005756018052082409,
    -0.005581619407271432,
    -0.005399310775931057,
    -0.005209092244699588,
    -0.005011016231198886,
    -0.0048051886064702,
    -0.004591767854595518,
    -0.004370962770456156,
    -0.00414302914749065,
    -0.003908265834316267,
    -0.0036670104586099352,
    -0.0034196350389160517,
    -0.003166541642699126,
    -0.0029081581770653295,
    -0.0026449344945462965,
    -0.0023773382866744183,
    -0.002105854282882751,
    -0.0018309680452445868,
    -0.0015532398613763313,
    -0.0012728988389516752,
    -0.0009920228268839716,
    -0.0007034361671968374,
    -0.00044552112061967987,
    -8.768637039246464e-05,
    9.41267008340211e-05
  ],
  "drag_coefficient": 0.053866421116955276,
  "kinetic_energy": 3.0237376470239816,
  "sediment_flux": 1.3212393180184147e-05,
  "phase_portrait": [
    [
      -0.25013553671380767,
      0.024909098136862283
    ],
    [
      -0.1704941949124062,
      0.016141893260364634
    ],
    [
      -0.06402792653369338,
      0.00480112181989523
    ],
    [
      0.05340768813963816,
      0.007120508019110083
    ],
    [
      0.16473795417481843,
      0.017798837776961902
    ],
    [
      0.27343198486666936,
      0.02874550842722528
    ],
    [
      0.37395339386746784,
      0.039131557593660105
    ],
    [
      0.4547099795601919,
      0.047555523076108885
    ],
    [
      0.4967385958498431,
      0.051607276294541635
    ],
    [
      0.49600776231850985,
      0.05098341340806651
    ],
    [
      0.4648436999086128,
      0.0473769238353085
    ],
    [
      0.40033491222036227,
      0.040317704040748185
    ],
    [
      0.2936832881442027,
      0.02853758357389334
    ],
    [
      0.1633208845025159,
      0.014418124146558757
    ],
    [
      0.02761579769050133,
      0.00019815052631966257
    ],
    [
      -0.09363023998100042,
      0.01172302612341971
    ],
    [
      -0.18643121214557232,
      0.020148207367862256
    ],
    [
      -0.2561231189086613,
      0.026884373051186416
    ],
    [
      -0.295693266660391,
      0.030614591114514596
    ],
    [
      -0.29831038055484227,
      0.03047902714325643
    ],
    [
      -0.2609199034050127,
      0.026104972992165947
    ]
  ],
  "regime": "turbulent",
  "profiles": {
    "nu_t": [
      0.0,
      1.2567015071650298e-05,
      0.0009490026836780926,
      0.0013893291179601123,
      0.0018814138600417969,
      0.00230309369246934,
      0.00273647430542573,
      0.003063645130388528,
      0.0034844503177823135,
      0.003926292589410645,
      0.004754037309453532,
      0.005732932978408596,
      0.006680742447568169,
      0.007664859643850231,
      0.00868798273884229,
      0.009755991724843316,
      0.010872002545625679,
      0.012038612478928266,
      0.013257964751788412,
      0.014531940446998182,
      0.01586221053131544,
      0.01725025843007138,
      0.018697379668393133,
      0.02020466854542293,
      0.0217729952805785,
      0.02340297489560611,
      0.025094927342788714,
      0.026848827259265455,
      0.028664241158269356,
      0.030540250011912302,
      0.032475356134349896,
      0.03446737499554894,
      0.036513314778332674,
      0.038609248549330955,
      0.0407501851393605,
      0.04292994468649317,
      0.045141043208673064,
      0.04737458799586488,
      0.04962018281745441,
      0.05186583964994633,
      0.05409789221104799,
      0.05630090597728158,
      0.05845757919789861,
      0.060548629224229454,
      0.06255265780755165,
      0.06444598750271552,
      0.0662024585822598,
      0.06779317144551011,
      0.06918615265844216,
      0.07034591222536947,
      0.07123284326396814,
      0.07180238904365839,
      0.07200385873890543,
      0.07177870026775655,
      0.07105789496770816,
      0.06975794302505978,
      0.06777402551622787,
      0.06497005224176274,
      0.061148592227591406,
      0.05606180579853926,
      0.04897205816086418,
      0.04038485536019037,
      0.018527907498403322,
      0.019888744195564627
    ],
    "C": [
      1.0,
      0.005200226078059085,
      0.0020532122698024976,
      0.0012148964251794798,
      0.0008019172147043128,
      0.0005647774113966892,
      0.0004135018499522401,
      0.00031038070404325216,
      0.0002371704709283514,
      0.00018372036871791686,
      0.00014412425599804674,
      0.00011445242775440088,
      9.166986200842663e-05,
      7.391685272614332e-05,
      5.9945990442495864e-05,
      4.886089275396532e-05,
      4.000354632529495e-05,
      3.288261641139655e-05,
      2.7126481153399347e-05,
      2.2451007304241683e-05,
      1.8636916947094337e-05,
      1.5513578378295824e-05,
      1.2947202605171863e-05,
      1.0832135525577083e-05,
      9.084367907220182e-06,
      7.636658716853693e-06,
      6.434848282090828e-06,
      5.435058889373119e-06,
      4.601562064881832e-06,
      3.905147620708557e-06,
      3.321868793266369e-06,
      2.832066715195368e-06,
      2.419600187535604e-06,
      2.0712256350627928e-06,
      1.7760881328239995e-06,
      1.5252973873807063e-06,
      1.3115721330635464e-06,
      1.1289424782557589e-06,
      9.725028373192827e-07,
      8.38209199554769e-07,
      7.227146749954062e-07,
      6.232372997185688e-07,
      5.374543626671111e-07,
      4.634180897329458e-07,
      3.9948828017619666e-07,
      3.442782932796315e-07,
      2.9661152448822934e-07,
      2.5548613836536675e-07,
      2.2004633006837453e-07,
      1.8955878008409304e-07,
      1.6339326918484939e-07,
      1.4100665230233607e-07,
      1.2192956812759217e-07,
      1.0575539906637544e-07,
      9.213110319066061e-08,
      8.074963010163867e-08,
      7.134368994981549e-08,
      6.368081720728704e-08,
      5.75592877948621e-08,
      5.280714355813838e-08,
      4.9274453742296996e-08,
      4.687286696781611e-08,
      4.543193745710302e-08,
      4.543193745710302e-08
    ],