{
  "viscosity_ratio": 8.789969956181306,
  "reynolds_stress": [
    -0.0,
    -0.0017396458962252934,
    -0.004818171809554687,
    -0.00693609936888341,
    -0.008361038417178229,
    -0.009365704046547492,
    -0.01014907128928771,
    -0.010762766882181307,
    -0.011223784816861688,
    -0.011631345308703129,
    -0.011858567785230985,
    -0.01202235245708054,
    -0.012071515339236243,
    -0.012187306183111342,
    -0.012374898497016142,
    -0.012520372721301338,
    -0.012645942144613401,
    -0.012738491428815436,
    -0.01279706436425986,
    -0.012820784560258121,
    -0.012809630260715328,
    -0.012763850997717091,
    -0.012683840235646823,
    -0.012570051701100027,
    -0.012422969199406693,
    -0.012243099299697238,
    -0.012030976627002941,
    -0.01178717519406813,
    -0.011512322340848577,
    -0.011207113282863659,
    -0.010872325072161852,
    -0.010508829277162613,
    -0.010117603095763775,
    -0.009699739032867685,
    -0.00925645373139358,
    -0.008789097021841599,
    -0.00829916268129072,
    -0.007788302668232166,
    -0.0072583466516612585,
    -0.006711328358067078,
    -0.006149520188674724,
    -0.005575475208132946,
    -0.004992085454441487,
    -0.004402614305604552,
    -0.003810919837233637,
    -0.003220840694649236,
    -0.0026394992852401093,
    -0.002064133397428162,
    -0.0015333143132616846,
    -0.0009787173821650787,
    -0.0005248828515597299,
    -0.00019431157846085044,
    4.0967655297748243e-05,
    0.00013513237733628442,
    0.0001913709668557044,
    0.00022538021863202263,
    0.0002391448796993618,
    0.00023484846350073788,
    0.00021493298003369356,
    0.0001818429111916549,
    0.00013676315649896394,
    8.78844718314469e-05,
    1.7001668322033208e-05,
    -1.8236284406620202e-05
  ],
  "drag_coefficient": 0.08840644610199946,
  "kinetic_energy": 3.3067508067856126,
  "sediment_flux": 0.00040173016816489704,
  "phase_portrait": [
    [
      -0.12200001979182108,
      0.03619518192521402
    ],
    [
      -0.07475442095625157,
      0.020816669930020827
    ],
    [
      -0.014654462212707834,
      0.0019174313655804399
    ],
    [
      0.049006128649917005,
      0.017288033484020412
    ],
    [
      0.11140569200416853,
      0.036189815491096886
    ],
    [
      0.1700018479994511,
      0.0540457447214111
    ],
    [
      0.21947833429980984,
      0.06907184101497574
    ],
    [
      0.25591585077539825,
      0.08003595654712573
    ],
    [
      0.2749036345006616,
      0.08540912035643607
    ],
    [
      0.2729917607988576,
      0.08402927368606941
    ],
    [
      0.24878365151070023,
      0.07546900672880671
    ],
    [
      0.20379808005033617,
      0.060336796092594396
    ],
    [
      0.14251090421725093,
      0.04028645641642474
    ],
    [
      0.07164130629562093,
      0.017785580529580864
    ],
    [
      -0.00085811459502749,
      0.004389003021366986
    ],
    [
      -0.06390230504445017,
      0.022674968113987226
    ],
    [
      -0.11368904738370411,
      0.0371926320836156
    ],
    [
      -0.14782408611535716,
      0.04699543065911356
    ],
    [
      -0.16276762172219353,
      0.05076894156518496
    ],
    [
      -0.15735925649389593,
      0.04818015200900301
    ],
    [
      -0.13136194263283424,
      0.039189648329365626
    ]
  ],
  "regime": "laminar",
  "profiles": {
    "nu_t": [
      0.0,
      0.00012601576010379647,
      0.0008015258203276905,
      0.0014766268761752194,
      0.002177172462910318,
      0.0028522825690146876,
      0.003500088061340774,
      0.0041318004701373775,
      0.004697735433629997,
      0.005208645203918181,
      0.005678612981730213,
      0.006280546701370782,
      0.0072992700759173705,
      0.008710546100375496,
      0.010263899557465666,
      0.011732875118340773,
      0.013247217376459093,
      0.014807734097667296,
      0.016419805913578795,
      0.018084746765487922,
      0.01980255603895473,
      0.02157203309583851,
      0.02339092937005884,
      0.025255940336893136,
      0.02716264582759637,
      0.029105410710651224,
      0.031077259262402398,
      0.0330697287590613,
      0.0350727054251549,
      0.03707424431314413,
      0.039060373440043594,
      0.04101488137030923,
      0.04291908618473103,
      0.04475158226253669,
      0.04648795936905946,
      0.04810048595744106,
      0.04955774499848118,
      0.050824205396193936,
      0.05185970398616439,
      0.052618799649214815,
      0.053049939828121145,
      0.0530943301282144,
      0.05268437420961708,
      0.05174109788985375,
      0.050171416451209275,
      0.047855680269775276,
      0.044667093205180065,
      0.04028575220802767,
      0.0349004522143284,
      0.025950820647729928,
      0.016224783263977274,
      0.011148123330392317,
      0.009546360890668728,
      0.013203379099282956,
      0.01899877666155832,
      0.02237449902393114,
      0.024192119710071725,
      0.025038216324850898,
      0.024949910384311363,
      0.023859885609108435,
      0.0214801616414463,
      0.017847928537864627,
      0.008119431777160322,
      0.008709399496103885
    ],
    "C": [
      1.0,
      0.09241231258515548,
      0.04942959516323666,
      0.03540954720165835,
      0.02794525971466926,
      0.023132360084999314,
      0.01967201488107909,
      0.017009950313601134,
      0.014864326489970018,
      0.01305654611024332,
      0.011476472882161484,
      0.01010352644527224,
      0.00892245178297326,
      0.008065257656932742,
      0.007351538434424323,
      0.006722365897413295,
      0.006158465828008263,
      0.0056499570799420015,
      0.005189063456652822,
      0.0047695355671045474,
      0.004386239580026723,
      0.00403489990605021,
      0.00371191443412276,
      0.0034142200458519316,
      0.0031391915934001154,
      0.0028845644610585633,
      0.002648374210176262,
      0.0024289088509031865,
      0.0022246706157412997,
      0.0020343450123127505,
      0.0018567755522672482,
      0.0016909429846956512,
      0.0015359481607223448,
      0.001390997856366764,
      0.001255393008820074,
      0.0011285188981226405,
      0.0010098368521914876,
      0.0008988770887511506,
      0.0007952323517916638,
      0.0006985520648988,
      0.0006085368112290128,
      0.0005249330389623169,
      0.00044752799788295885,
      0.0003761447859966962,
      0.0003106382056885324,
      0.00025088746144904774,
      0.00019680496220781754,
      0.00014825977561289396,
      0.00010539629339030453,
      6.699461878868341e-05,
      3.530433639310037e-05,
      1.5213588369949807e-05,
      4.2420619795366105e-06,
      4.2706811251233387e-07,
      1.3935871181984587e-07,
      9.98184956216851e-08,
      7.81086020751989e-08,
      6.335168590828611e-08,
      5.270096704040521e-08,
      4.491038832110802e-08,
      3.931213418800585e-08,
      3.555834712900028e-08,
      3.331552374377938e-08,
      3.331552374377938e-08
    ],