{
  "viscosity_ratio": 9.574237522221361,
  "reynolds_stress": [
    -0.0,
    -0.002255282827871067,
    -0.004713013386405054,
    -0.005942998288535505,
    -0.006739865567340416,
    -0.007314614025138905,
    -0.007751733466044408,
    -0.008103283765698736,
    -0.008414422766284279,
    -0.008609157600955732,
    -0.008752913109365065,
    -0.008730659190619671,
    -0.008692282093922463,
    -0.008821312828773856,
    -0.008925950342130477,
    -0.009013437688846129,
    -0.00908369732634599,
    -0.009132730584918999,
    -0.009160485350149595,
    -0.009167056061821348,
    -0.009152765915273153,
    -0.009118050475023879,
    -0.009063390501618473,
    -0.00898927972205459,
    -0.008896217562705236,
    -0.008784705790107225,
    -0.008655249189678032,
    -0.008508356267568077,
    -0.008344538006429626,
    -0.008164303619905281,
    -0.00796815304145899,
    -0.007756566785783329,
    -0.007529994750913854,
    -0.0072888463469639835,
    -0.007033484725508627,
    -0.006764227517124168,
    -0.00648135525011275,
    -0.006185126846208149,
    -0.0058757997445253885,
    -0.005553651557960163,
    -0.005218998247399961,
    -0.00487221160809777,
    -0.004513711415646283,
    -0.004144014807716385,
    -0.0037635416447072663,
    -0.003373198035944067,
    -0.002972439288877723,
    -0.0025648437854831085,
    -0.00214273198832355,
    -0.001725781634924227,
    -0.0012735138835808057,
    -0.0008617651011818989,
    -0.00039265106558669286,
    -3.9627655559318315e-05,
    5.682429687303484e-06,
    2.1806315782071933e-05,
    3.643396597997972e-05,
    4.329613307421594e-05,
    4.443136708325073e-05,
    4.036864812811728e-05,
    3.1807218164508894e-05,
    2.1012679523770977e-05,
    4.046664005145181e-06,
    -4.466270252418011e-06
  ],
  "drag_coefficient": 0.06874656830933534,
  "kinetic_energy": 3.166228711579995,
  "sediment_flux": 0.0038314211286810066,
  "phase_portrait": [
    [
      -0.1690145104247368,
      0.03125132501302219
    ],
    [
      -0.11070665043868458,
      0.01928955713997854
    ],
    [
      -0.03503354552391916,
      0.004281391349310998
    ],
    [
      0.04773926085362258,
      0.01129455405851841
    ],
    [
      0.12559655669587766,
      0.02555431348754317
    ],
    [
      0.197946536654102,
      0.03918090000447643
    ],
    [
      0.26069726628857953,
      0.051116311995711004
    ],
    [
      0.3072020458870086,
      0.05991309319192812
    ],
    [
      0.3312683768941621,
      0.06422897875814332
    ],
    [
      0.32936645427550443,
      0.06329054366122439
    ],
    [
      0.3005137098439213,
      0.056916216190702126
    ],
    [
      0.2458844837145216,
      0.045418933836427575
    ],
    [
      0.17015877667545662,
      0.029886541490703404
    ],
    [
      0.08132346680519416,
      0.012140686719422313
    ],
    [
      -0.009996020907907362,
      0.0054017302697151924
    ],
    [
      -0.08959630215745074,
      0.01953185910527071
    ],
    [
      -0.1507179490998541,
      0.030423323557394338
    ],
    [
      -0.1935543266289507,
      0.03809291546337413
    ],
    [
      -0.21423624449652867,
      0.04150900922039843
    ],
    [
      -0.20952894564469787,
      0.03993514911358426
    ],
    [
      -0.1784590289264461,
      0.03318163362117194
    ]
  ],
  "regime": "laminar",
  "profiles": {
    "nu_t": [
      0.0,
      0.0002828682701320544,
      0.0008847116629575382,
      0.0015112253372987505,
      0.002100374293155833,
      0.0026588575079139333,
      0.003152942306836802,
      0.0035935727435433273,
      0.003945541131804691,
      0.004226341126847539,
      0.00440182907075846,
      0.005175618886722387,
      0.006025034864959357,
      0.007308991430074463,
      0.008489163937571416,
      0.009644529660552481,
      0.010822158768799918,
      0.012025628528926377,
      0.013257621761487603,
      0.014518915987289226,
      0.01580890252755273,
      0.017125968137146768,
      0.018467664269688704,
      0.01983069206536675,
      0.02121087613300791,
      0.02260310515425338,
      0.02400125592271598,
      0.025398106261328084,
      0.026785238164240863,
      0.028152931419545286,
      0.02949004701994857,
      0.030783899919190387,
      0.032020121961163654,
      0.03318251803675948,
      0.03425292130698148,
      0.03521105610153087,
      0.03603441944147609,
      0.03669819417206323,
      0.03717520823796413,
      0.03743595825720898,
      0.0374487105189441,
      0.03717972725362236,
      0.03659353272093005,
      0.035653698348539785,
      0.03432243152314336,
      0.03256548704350764,
      0.03033968645263386,
      0.02763820730398859,
      0.024361758859755042,
      0.020678081886764017,
      0.016138161845730352,
      0.011628508660707929,
      0.0056950832502907596,
      0.0006519015461209936,
      0.0019052445703057412,
      0.006197629445152031,
      0.009379623105722901,
      0.010711603817164924,
      0.01131655864851782,
      0.01121429560981844,
      0.01032736803113309,
      0.00868963953034387,
      0.003911629478272761,
      0.004318113948409394
    ],
    "C": [
      1.0,
      0.4672190750532204,
      0.3632936433012242,
      0.3146968745058111,
      0.28275352415158667,
      0.2583497774177506,
      0.23822481994606112,
      0.22071186752148791,
      0.20460929224007826,
      0.18900673205958113,
      0.1731042569795655,
      0.15289538632137334,
      0.1418450767655945,
      0.13400545495065702,
      0.12707327985316136,
      0.1206065389712601,
      0.1145289821352223,
      0.10879246315270608,
      0.10335614754998648,
      0.09818889629825592,
      0.09326533872672359,
      0.08856420837483611,
      0.08406743927638972,
      0.07975946139326082,
      0.07562668600486606,
      0.07165712189085277,
      0.06784008062367154,
      0.06416594645606455,
      0.06062599392235252,
      0.057212242051132456,
      0.05391733805144838,
      0.05073446588385479,
      0.047657276407880964,
      0.04467983588564462,
      0.04179658879487679,
      0.039002329762593595,
      0.03629217880483854,
      0.033661554663120485,
      0.031106143018122687,
      0.028621859256606784,
      0.0262048081477795,
      0.023851245578174814,
      0.02155754650774814,
      0.019320195523357304,
      0.01713578076314271,
      0.015001126119752248,
      0.012913197040657454,
      0.010870196211802194,
      0.008869752652035046,
      0.006917233729302411,
      0.005009822092594187,
      0.0031911960670981585,
      0.0014781240728822264,
      0.00031865147212462274,
      6.704740125763905e-06,
      1.536457819774086e-06,
      1.4764792405414587e-06,
      1.4159494489858478e-06,
      1.3572434139291635e-06,
      1.3034729326765874e-06,
      1.2568470968559185e-06,
      1.219759780298565e-06,
      1.1925392394092426e-06,
      1.1925392394092426e-06
    ],