{
  "viscosity_ratio": 27.951402576231825,
  "reynolds_stress": [
    -0.0,
    -0.0020403757528199683,
    -0.004443960897555116,
    -0.0056284864118835,
    -0.0064022842210789115,
    -0.006969300641618787,
    -0.007390264301075057,
    -0.007746696618569151,
    -0.008037300415824036,
    -0.008286113244088355,
    -0.008388411535823398,
    -0.00851575655606573,
    -0.008561169591955057,
    -0.008668613536335835,
    -0.008790362663921419,
    -0.008908092254682372,
    -0.00901083498992852,
    -0.00909670673956495,
    -0.009165021246297736,
    -0.009215855387166459,
    -0.009249591128538362,
    -0.00926675746010995,
    -0.009267945055821125,
    -0.009253766124644333,
    -0.009224834370693812,
    -0.00918175448058352,
    -0.009125115324954655,
    -0.009055483714384036,
    -0.008973397132311187,
    -0.008879354882068586,
    -0.00877380784305291,
    -0.00865714764785409,
    -0.008529696574264892,
    -0.008391699734291786,
    -0.008243321151106963,
    -0.008084644986781572,
    -0.007915682539412286,
    -0.007736384790159619,
    -0.007546659447754657,
    -0.007346390817652603,
    -0.007135460552603958,
    -0.006913767442438219,
    -0.0066812447876718455,
    -0.0064378744321915956,
    -0.006183697065878155,
    -0.005918818852342238,
    -0.005643414746763972,
    -0.005357729043793149,
    -0.00506207375988349,
    -0.004756825441558128,
    -0.004442420931781932,
    -0.004119352553397477,
    -0.0037881630675560755,
    -0.0034494408571462925,
    -0.003103814935142555,
    -0.0027519542173375703,
    -0.002394548899505218,
    -0.0020324022708073327,
    -0.0016659388103094546,
    -0.0012979013699669852,
    -0.0009195775688110285,
    -0.0005795727495455977,
    -0.00011328929439336198,
    0.00012185595165978733
  ],
  "drag_coefficient": 0.06952340342627722,
  "kinetic_energy": 2.8834141901554395,
  "sediment_flux": 0.0001837763092962031,
  "phase_portrait": [
    [
      -0.1737556404501534,
      0.03213056546064702
    ],
    [
      -0.11509098271158442,
      0.020095093003512796
    ],
    [
      -0.03772349875235913,
      0.0047814931283704214
    ],
    [
      0.04644185989427672,
      0.011096676278164814
    ],
    [
      0.12685470880559346,
      0.025932974919290162
    ],
    [
      0.20076033664029472,
      0.039823320385424896
    ],
    [
      0.26279245357726505,
      0.051539729403122514
    ],
    [
      0.30849497788401287,
      0.060137468748980454
    ],
    [
      0.331998635066561,
      0.06431735091581973
    ],
    [
      0.32952163808141083,
      0.06325595569997142
    ],
    [
      0.2997360264508605,
      0.0566920729227969
    ],
    [
      0.24427336250581502,
      0.04502853169350345
    ],
    [
      0.16811430687883216,
      0.029414963097433945
    ],
    [
      0.07921308575696107,
      0.011686519433067935
    ],
    [
      -0.01295850896756047,
      0.005917385345335939
    ],
    [
      -0.09294788558712479,
      0.020175723962189803
    ],
    [
      -0.15680904112119862,
      0.031723500176357756
    ],
    [
      -0.1993051893200848,
      0.039251945641498455
    ],
    [
      -0.219163039783626,
      0.04246205157255749
    ],
    [
      -0.21366222832500883,
      0.040711681860942595
    ],
    [
      -0.18194356895818314,
      0.033820732326922384
    ]
  ],
  "regime": "turbulent",
  "profiles": {
    "nu_t": [
      0.0,
      0.00018393316906212612,
      0.0008809529558730773,
      0.0015169878123180997,
      0.0021070895558102996,
      0.0027187977806126347,
      0.0032503853620621005,
      0.0037604688704405737,
      0.004223122430298408,
      0.004607985690493923,
      0.005127633696710128,
      0.005658850214047995,
      0.0063498417227004205,
      0.00771372775945752,
      0.00896249663868209,
      0.01023075078480378,
      0.011538924506743079,
      0.012896606232911704,
      0.014309234726243666,
      0.015780623433191514,
      0.017313673296312792,
      0.018910726242335068,
      0.020573703856508467,
      0.02230416433837685,
      0.024103316317095835,
      0.025972007493992227,
      0.0279106974450865,
      0.02991941831130182,
      0.03199772427655448,
      0.034144628898675644,
      0.03635852823239935,
      0.038637107310089285,
      0.04097722804948004,
      0.04337479812500443,
      0.04582462262278405,
      0.048320242907529926,
      0.05085376927171984,
      0.05341571477741619,
      0.05599483673484608,
      0.05857798959944246,
      0.06114998941138657,
      0.0636934861939561,
      0.06618883769982402,
      0.06861397576485649,
      0.0709442549831403,
      0.07315227179035722,
      0.0752076395166836,
      0.0770767006482463,
      0.07872215034227018,
      0.08010253363485698,
      0.08117156021323679,
      0.08187715064476561,
      0.08216007787279721,
      0.08195198357784983,
      0.0811723846301654,
      0.0797240527417495,
      0.07748516965932876,
      0.07429774245081666,
      0.06993369874444702,
      0.06410345119786051,
      0.055971055249184914,
      0.04604051109915274,
      0.021038697177477868,
      0.02262959664390244
    ],
    "C": [
      1.0,
      0.07048426568031127,
      0.026820782082045615,
      0.014943213976476624,
      0.009595528396702803,
      0.006639664703239464,
      0.00480806874542566,
      0.0035877265153588587,
      0.0027319206741644292,
      0.002109704008987112,
      0.001655402491574269,
      0.001315500712006846,
      0.0010568132191260005,
      0.0008645050776873284,
      0.0007143784296796905,
      0.0005933768677254913,
      0.0004948897752436921,
      0.00041417800442621186,
      0.00034767339597376577,
      0.0002926278716121389,
      0.00024689225830596523,
      0.0002087662642485001,
      0.00017689215917990293,
      0.0001501772338530652,
      0.00012773611410510396,
      0.00010884712310929488,
      9.291883471241763e-05,
      7.94641762786343e-05,
      6.808022473354074e-05,
      5.843235873272037e-05,
      5.024177649369346e-05,
      4.327562376910276e-05,
      3.7339140193456104e-05,
      3.226935297897957e-05,
      2.7929943979166407e-05,
      2.4207000994087415e-05,
      2.1005441057730624e-05,
      1.8245960660688445e-05,
      1.586242097068578e-05,
      1.3799611705334727e-05,
      1.201135570446572e-05,
      1.0458921684638772e-05,
      9.109711284511022e-06,
      7.936183797541567e-06,
      6.91498115371191e-06,
      6.026217620691722e-06,
      5.252902716925197e-06,
      4.580470836096784e-06,
      3.996396103609938e-06,
      3.489875445449602e-06,
      3.051566534229149e-06,
      2.6733702022125297e-06,
      2.3482491969341558e-06,
      2.070076951499563e-06,
      1.8335114732490763e-06,
      1.6338907320784145e-06,
      1.4671467794737854e-06,
      1.3297387248338809e-06,
      1.2185983223186533e-06,
      1.1311294066254174e-06,
      1.0650872882949816e-06,
      1.0193404522423763e-06,
      9.911234137601907e-07,
      9.911234137601907e-07
    ],