{
  "viscosity_ratio": 28.092152682318968,
  "reynolds_stress": [
    -0.0,
    -0.0022443409131931704,
    -0.004679476168494102,
    -0.005899836950042315,
    -0.00668830121026535,
    -0.007268143359488575,
    -0.007694744424705966,
    -0.008060661104168816,
    -0.00835443220230713,
    -0.008598103873108661,
    -0.008711590447582806,
    -0.008835955624724447,
    -0.008891159089132267,
    -0.008995296376850004,
    -0.009117700878753627,
    -0.009233903818504353,
    -0.009334817487439903,
    -0.0094184215119132,
    -0.009483998773976553,
    -0.009531611758242051,
    -0.009561631876070972,
    -0.009574576140413103,
    -0.009571019988981319,
    -0.00955155787653602,
    -0.009516784725372741,
    -0.009467287121959888,
    -0.009403638291627006,
    -0.00932639371046158,
    -0.009236085763902984,
    -0.009133216804314073,
    -0.009018250631088076,
    -0.008891602970652732,
    -0.008753632001993203,
    -0.008604630317320361,
    -0.008444819847183465,
    -0.00827435113519675,
    -0.008093307888435344,
    -0.007901717011342775,
    -0.0076995635025317215,
    -0.007486808856594844,
    -0.007263411147680974,
    -0.007029344869778258,
    -0.006784618846858691,
    -0.006529290991852717,
    -0.006263479242022552,
    -0.0059873685059626995,
    -0.0057012138499657585,
    -0.005405340405467347,
    -0.005100140607362143,
    -0.0047860694057235515,
    -0.004463638063852741,
    -0.004133407099593858,
    -0.0037959788346494084,
    -0.003451990104943089,
    -0.0031021048517112563,
    -0.0027470110090899945,
    -0.0023874001731098785,
    -0.002024055281438284,
    -0.0016573683248497406,
    -0.0012899783196058804,
    -0.0009132689913678535,
    -0.0005749145311084116,
    -0.00011257534619079493,
    0.00012036995535422516
  ],
  "drag_coefficient": 0.0687368228232614,
  "kinetic_energy": 2.9295669724015765,
  "sediment_flux": 0.0002972589720849381,
  "phase_portrait": [
    [
      -0.1696463196347654,
      0.03138395239904138
    ],
    [
      -0.1109313555652959,
      0.019347188890498555
    ],
    [
      -0.03505605033714228,
      0.004318381607184941
    ],
    [
      0.04767263947161295,
      0.011283395094291649
    ],
    [
      0.12554983964238314,
      0.02557478224046715
    ],
    [
      0.19791785022022007,
      0.039203627841290126
    ],
    [
      0.2605332623523837,
      0.05110760821099157
    ],
    [
      0.3068951690442113,
      0.05986795867629922
    ],
    [
      0.33103449574121274,
      0.06419030894273703
    ],
    [
      0.32911311584294833,
      0.06324967895280639
    ],
    [
      0.29972494665510013,
      0.0567719750556835
    ],
    [
      0.24444935641168836,
      0.045150857468028674
    ],
    [
      0.1682294935584342,
      0.029531438625139596
    ],
    [
      0.07919956765993978,
      0.011770837080854432
    ],
    [
      -0.01187848151003261,
      0.005700568595922602
    ],
    [
      -0.0907096814551709,
      0.019710773095602964
    ],
    [
      -0.15182148890482403,
      0.030648006356855228
    ],
    [
      -0.19437203163039102,
      0.03826686052509557
    ],
    [
      -0.21468121716213354,
      0.04160855280394246
    ],
    [
      -0.20952505431416887,
      0.03994636029251872
    ],
    [
      -0.1779914932584377,
      0.03310352688899298
    ]
  ],
  "regime": "turbulent",
  "profiles": {
    "nu_t": [
      0.0,
      0.000307833666528108,
      0.0009163139998326987,
      0.0015658828158914766,
      0.002168601881008329,
      0.0027953977198962717,
      0.003350742526402863,
      0.003873973013511735,
      0.004368573662824336,
      0.004773074390551353,
      0.005302256746004648,
      0.005884465781027289,
      0.006587200024222617,
      0.007919072566083332,
      0.009183113929628445,
      0.010470627697877788,
      0.011799616817254544,
      0.01317906051239988,
      0.014614105237172341,
      0.016108414131833133,
      0.017664770681616093,
      0.019285406298910873,
      0.020972127478250373,
      0.02272636588072267,
      0.024549187688538695,
      0.026441278792804182,
      0.028402914867353548,
      0.030433920310088524,
      0.03253361728431137,
      0.034700764262421115,
      0.036933482209977705,
      0.039229165923462414,
      0.04158437820277895,
      0.043994725659797264,
      0.04645471701342421,
      0.04895760734629505,
      0.051495234287590085,
      0.054057853553375196,
      0.056633981018904045,
      0.05921024636134781,
      0.06177125979909594,
      0.0642994894807702,
      0.06677514351145146,
      0.06917604787327057,
      0.07147750946199344,
      0.07365215153270291,
      0.07566970619588546,
      0.07749674427688022,
      0.07909631571424743,
      0.08042746215235283,
      0.08144454492760578,
      0.0820963018240764,
      0.08232449614576966,
      0.08206193779685164,
      0.08122949264945852,
      0.07973146389913428,
      0.07744776024663354,
      0.07422229653435253,
      0.06982933955486617,
      0.06398109330482579,
      0.05584930972740923,
      0.04592020111385238,
      0.021034573074867294,
      0.022490986770982265
    ],
    "C": [
      1.0,
      0.11456609904030543,
      0.04192977821672403,
      0.022514368022338613,
      0.014143023300875645,
      0.009636178102271244,
      0.00690014912566332,
      0.005103380610489471,
      0.0038573773968435896,
      0.0029627347303353433,
      0.0023149075518681477,
      0.0018351112568086195,
      0.0014729614740801695,
      0.0012058695069239137,
      0.0009987114591796067,
      0.000831876293043702,
      0.0006959111234827108,
      0.0005842428738159755,
      0.0004919850963843021,
      0.0004153973407350031,
      0.0003515630480273714,
      0.00029817700167857205,
      0.0002533977770396524,
      0.00021574153890578258,
      0.0001840037545202559,
      0.000157200358361269,
      0.00013452284623133057,
      0.00011530358450318903,
      9.898876177677782e-05,
      8.511715482375795e-05,
      7.330337287248441e-05,
      6.32245742956875e-05,
      5.460987604459808e-05,
      4.723183849058984e-05,
      4.089953419615969e-05,
      3.5452816085049424e-05,
      3.0757496817536916e-05,
      2.67012371672314e-05,
      2.3190012123440845e-05,
      2.0145074167308286e-05,
      1.750036219764221e-05,
      1.5200315519435972e-05,
      1.3198052217718942e-05,
      1.145386746060906e-05,
      9.934004871674285e-06,
      8.609655104545667e-06,
      7.4561398603504224e-06,
      6.452245492198296e-06,
      5.579676687722492e-06,
      4.82260659578301e-06,
      4.167304745086968e-06,
      3.601828121859626e-06,
      3.11576394583443e-06,
      2.7000151930838282e-06,
      2.346621924818249e-06,
      2.0486132914416737e-06,
      1.7998862888957608e-06,
      1.5951115520521941e-06,
      1.42965718064902e-06,
      1.299591028071637e-06,
      1.2015072785040682e-06,
      1.133646871203632e-06,
      1.091869313801804e-06,
      1.091869313801804e-06
    ],
    "Ri_g": [
      0.0,
      0.0,
      0.0,
      0.0,
      0.0,
      0.0,
      0.0,
      0.0,
      0.0,
      0.0,
      0.0,
      0.0,
      0.0,
      0.0,
      0.0,
      0.0,
      0.0,
      0.0,
      0.0,
      0.0,
      0.0,
      0.0,
      0.0,
      0.0,
      0.0,
      0.0,
      0.0,
      0.0,
      0.0,
      0.0,
      0.0,
      0.0,
      0.0,
      0.0,
      0.0,
      0.0,
      0.0,
      0.0,
      0.0,
      0.0,
      0.0,
      0.0,
      0.0,
      0.0,
      0.0,
      0.0,
      0.0,
      0.0,
      0.0,
      0.0,
      0.0,
      0.0,
      0.0,
      0.0,
      0.0,
      0.0,
      0.0,
      0.0,
      0.0,
      0.0,
      0.0,
      0.0,
      0.0,
      -0.0
    ],