{
  "viscosity_ratio": 50.938099607986246,
  "reynolds_stress": [
    -0.0,
    -0.0,
    -0.0034090072627553252,
    -0.004146694659102987,
    -0.004805522767383327,
    -0.00526490511021367,
    -0.005608509550929639,
    -0.005897764065606872,
    -0.006126496307749048,
    -0.006320393345600163,
    -0.0065253389665541036,
    -0.006664605760731736,
    -0.006815064563974023,
    -0.006932644032008729,
    -0.0070488148577781485,
    -0.007137238411296454,
    -0.007195319670728657,
    -0.007249381095294385,
    -0.00730629672248899,
    -0.007345096507975472,
    -0.007369576919855486,
    -0.0074180496666835715,
    -0.007470040057086775,
    -0.0075225534317596415,
    -0.007572531052521085,
    -0.007619356017631075,
    -0.007662599125015074,
    -0.007702074779797242,
    -0.007737711903557104,
    -0.0077695124560483095,
    -0.007797519528849073,
    -0.00782179917509051,
    -0.007842430100928775,
    -0.007859497811047028,
    -0.007873090952718308,
    -0.007883298907606959,
    -0.007890210261666463,
    -0.007893911926211259,
    -0.007894488701203014,
    -0.007892023109363567,
    -0.007886595386059899,
    -0.00787828355522035,
    -0.007867163547182532,
    -0.007853309327654831,
    -0.007836793015606983,
    -0.007817684974771519,
    -0.007796053868751858,
    -0.007771966673527783,
    -0.0077454886438441265,
    -0.007716683232072502,
    -0.007685611959950635,
    -0.007652334245280312,
    -0.007616907187282229,
    -0.007579385315890451,
    -0.007539820311840659,
    -0.007498260705928807,
    -0.007454751567241811,
    -0.0074093341914071255,
    -0.007362045800892414,
    -0.00731291927000286,
    -0.007261982887381663,
    -0.00720926016844221,
    -0.007154769729188818,
    -0.007098525231294625,
    -0.007040535406139972,
    -0.006980804162839285,
    -0.006919330782226626,
    -0.0068561101955014825,
    -0.006791133342955559,
    -0.006724387605101335,
    -0.006655857295821534,
    -0.006585524205004439,
    -0.006513368176640398,
    -0.006439367707612364,
    -0.006363500552398209,
    -0.006285744319561365,
    -0.006206077047158029,
    -0.006124477745879451,
    -0.006040926900742207,
    -0.0059554069242843954,
    -0.0058679025563924455,
    -0.005778401207957592,
    -0.005686893247437818,
    -0.005593372231056683,
    -0.005497835078733032,
    -0.0054002821989166385,
    -0.005300717566310896,
    -0.005199148757001254,
    -0.005095586945821674,
    -0.00499004687090166,
    -0.004882546770290229,
    -0.004773108295369073,
    -0.004661756405492747,
    -0.0045485192479465765,
    -0.004433428026915241,
    -0.004316516864742552,
    -0.004197822658334981,
    -0.004077384933141413,
    -0.003955245696739785,
    -0.003831449293689942,
    -0.003706042262965902,
    -0.0035790731989806404,
    -0.0034505926169622744,
    -0.0033206528232227472,
    -0.003189307790712465,
    -0.003056613040143421,
    -0.0029226255269339356,
    -0.002787403534263225,
    -0.0026510065726425064,
    -0.00251349528665788,
    -0.0023749313699239164,
    -0.002235377489908363,
    -0.0020948972252280273,
    -0.0019535550195575635,
    -0.0018114161583115066,
    -0.0016685467802059646,
    -0.0015250139308909314,
    -0.0013808857435050619,
    -0.0012362314846916017,
    -0.0010911233161792328,
    -0.0009456302559188121,
    -0.0007998582316883293,
    -0.0006537472816145237,
    -0.0005081783331956023,
    -0.0003593699227411276,
    -0.00022661704806756434,
    -4.379619105696521e-05,
    4.526710737696153e-05
  ],
  "drag_coefficient": 0.0548958523684135,
  "kinetic_energy": 2.965868762091059,
  "sediment_flux": 6.502706155975989e-10,
  "phase_portrait": [
    [
      -0.13453743466140122,
      0.0250845343666206
    ],
    [
      -0.08866372208414189,
      0.015754967434949634
    ],
    [
      -0.029629796754856913,
      0.004196196133744802
    ],
    [
      0.032645231111922794,
      0.00738236727759136
    ],
    [
      0.09229191582334895,
      0.018470960127069915
    ],
    [
      0.15117580946015083,
      0.02973028794347704
    ],
    [
      0.20558222887177885,
      0.040320209125223785
    ],
    [
      0.2486710637940421,
      0.0487604322817974
    ],
    [
      0.27357442598352805,
      0.05353998717854621
    ],
    [
      0.275496480781744,
      0.05359838777161254
    ],
    [
      0.25239240475996055,
      0.048513487668148336
    ],
    [
      0.20580815311285303,
      0.03869346808798945
    ],
    [
      0.14124593849738526,
      0.025447133500286528
    ],
    [
      0.06752371812711133,
      0.010806020256608418
    ],
    [
      -0.004551462356895479,
      0.0028392992631940703
    ],
    [
      -0.0648252531655508,
      0.013625248589987341
    ],
    [
      -0.11292425087586674,
      0.022443599414492976
    ],
    [
      -0.14798688473247795,
      0.02892133867999159
    ],
    [
      -0.16560718293310556,
      0.03202215265890612
    ],
    [
      -0.16195112010745147,
      0.03090163837443695
    ],
    [
      -0.13591192613409542,
      0.025354733733666698
    ]
  ],
  "regime": "turbulent",