{
  "viscosity_ratio": 7.272366169902733,
  "reynolds_stress": [
    -0.0,
    -0.00011280629118345749,
    -0.00048033786983177557,
    -0.0010177137405322026,
    -0.0016622813797975225,
    -0.00235537546066431,
    -0.003057960336994962,
    -0.003746286140460689,
    -0.004403329278655242,
    -0.005018358374462313,
    -0.005585478082448146,
    -0.006105550476545371,
    -0.006595909286389769,
    -0.007060076731892184,
    -0.007498321328005274,
    -0.007906166669283683,
    -0.008273782690346659,
    -0.00862742020318148,
    -0.008966012514679263,
    -0.009283625865707183,
    -0.009570109380874322,
    -0.0098488816236883,
    -0.010131926787056095,
    -0.01039474163617187,
    -0.010619725900062807,
    -0.010832218672593595,
    -0.011044430080972162,
    -0.01123682550908868,
    -0.011394235675341098,
    -0.011551502991908182,
    -0.011676839554060485,
    -0.01174947174342354,
    -0.011847299809450193,
    -0.011930142594186626,
    -0.012016019251841472,
    -0.01208734629461792,
    -0.012151804161478,
    -0.012201462600936379,
    -0.0122615639674653,
    -0.012350217187419996,
    -0.012452763740216746,
    -0.01256204184933181,
    -0.012673682135136392,
    -0.012784824334792042,
    -0.012893461289722966,
    -0.012998130989173174,
    -0.013097739596091914,
    -0.013191454358490281,
    -0.01327863523669554,
    -0.013358788816477013,
    -0.013431535655013633,
    -0.013496586343828023,
    -0.01355372359768818,
    -0.013602788641099555,
    -0.013643670696281912,
    -0.01367629873680423,
    -0.013700634926922741,
    -0.013716669338922268,
    -0.013724415652293145,
    -0.013723907612671397,
    -0.013715196080908723,
    -0.013698346541513362,
    -0.013673436968958633,
    -0.013640555972474206,
    -0.013599801156906304,
    -0.01355127765057274,
    -0.013495096761803499,
    -0.013431374734774747,
    -0.01336023158278781,
    -0.013281789983660712,
    -0.013196174227634675,
    -0.013103509213280634,
    -0.013003919491425148,
    -0.012897528361108716,
    -0.01278445702501153,
    -0.012664823814579496,
    -0.012538743497165602,
    -0.012406326678771687,
    -0.012267679316340879,
    -0.012122902352954676,
    -0.011972091487688881,
    -0.011815337089317235,
    -0.011652724259610439,
    -0.011484333047813409,
    -0.011310238813237007,
    -0.011130512728038165,
    -0.010945222407497443,
    -0.010754432650752785,
    -0.010558206271295601,
    -0.010356604993820148,
    -0.010149690392408787,
    -0.009937524844574204,
    -0.009720172476391257,
    -0.009497700075699302,
    -0.009270177952970962,
    -0.00903768073274163,
    -0.00880028806221312,
    -0.008558085227565564,
    -0.008311163672439484,
    -0.008059621416814107,
    -0.007803563377986956,
    -0.007543101598499549,
    -0.007278355388633291,
    -0.0070094513935459735,
    -0.0067365235973360004,
    -0.006459713278403546,
    -0.006179168932638544,
    -0.005895046183432212,
    -0.0056075077006253,
    -0.005316723154773643,
    -0.005022869239230363,
    -0.004726129801652917,
    -0.004426696140375203,
    -0.004124767542648037,
    -0.0038205521757803487,
    -0.0035142684992617084,
    -0.0032061474529065975,
    -0.0028964358830001697,
    -0.00258540171411612,
    -0.0022733434680880576,
    -0.0019605989532089424,
    -0.0016476034358422949,
    -0.001334746118331997,
    -0.0010235697371047826,
    -0.0007109039545827694,
    -0.0004225116442721183,
    -7.648272880861218e-05,
    7.90535145473409e-05
  ],
  "drag_coefficient": 0.1410224945898445,
  "kinetic_energy": 2.66623741987856,
  "sediment_flux": 1.212765533841565e-05,
  "phase_portrait": [
    [
      -0.03754556520728961,
      0.06443245140724743
    ],
    [
      -0.022789007451542748,
      0.03824574186816952
    ],
    [
      -0.004827706646296955,
      0.006705651613876207
    ],
    [
      0.014069024866277853,
      0.02622468386066081
    ],
    [
      0.03219408870374117,
      0.05770314149917135
    ],
    [
      0.04852767177419248,
      0.08593485625413952
    ],
    [
      0.061859742716814305,
      0.10880141060247579
    ],
    [
      0.07079619621673597,
      0.12387580582071461
    ],
    [
      0.07409850405929166,
      0.12901575914974772
    ],
    [
      0.07105959851365737,
      0.12303304586722588
    ],
    [
      0.06170140305980225,
      0.10604552866721377
    ],
    [
      0.04686496041299862,
      0.07962565556368537
    ],
    [
      0.0281692908863848,
      0.04670326099298395
    ],
    [
      0.007815707470412579,
      0.011184625537309818
    ],
    [
      -0.011685966592294523,
      0.02256754545422301
    ],
    [
      -0.0284069727134761,
      0.051372091337884125
    ],
    [
      -0.04127704945420696,
      0.07336874050334037
    ],
    [
      -0.04932888251524878,
      0.08686068269097032
    ],
    [
      -0.05170667177268605,
      0.09037927684620749
    ],
    [
      -0.047926164339853396,
      0.08313000405884495
    ],
    [
      -0.03817829501730048,
      0.06552623359727544
    ]
  ],
  "regime": "laminar",