{
  "viscosity_ratio": 18.09745327249407,
  "reynolds_stress": [
    -0.0,
    -0.0003377004882795103,
    -0.0013788754692678792,
    -0.0024939583848842006,
    -0.003477938983100024,
    -0.004302059350365807,
    -0.004971563428279811,
    -0.005524091346363428,
    -0.006008130541189392,
    -0.006435297546581461,
    -0.006794077529597605,
    -0.007118783993959255,
    -0.007418420775906732,
    -0.007679416560781688,
    -0.007909990651365351,
    -0.008157654578288865,
    -0.008375067091273244,
    -0.0085413639645378,
    -0.008722710641265601,
    -0.008891657893689876,
    -0.009017141471172654,
    -0.009166560942413677,
    -0.009245834086740594,
    -0.009314866941968838,
    -0.009393261370133368,
    -0.00946004949458182,
    -0.009520962631768517,
    -0.009574009630841965,
    -0.009593163796564743,
    -0.009650334970475108,
    -0.009724270152457328,
    -0.00980170884167008,
    -0.009879897794128895,
    -0.009956254522534914,
    -0.01002949276153656,
    -0.010098773703712458,
    -0.010163556456657747,
    -0.01022348342630416,
    -0.010278320031079443,
    -0.01032791731755979,
    -0.010372187913917398,
    -0.010411089590470293,
    -0.010444613585920522,
    -0.010472776139891962,
    -0.010495612296394377,
    -0.010513171343206519,
    -0.010525513430019515,
    -0.01053270703727315,
    -0.010534827064089545,
    -0.010531953370263535,
    -0.010524169650612137,
    -0.01051156254922481,
    -0.01049422094282205,
    -0.010472235339396695,
    -0.010445697351560104,
    -0.01041469921418551,
    -0.010379333323824036,
    -0.01033969178366462,
    -0.010295865943025452,
    -0.010247945924813038,
    -0.010196020138296796,
    -0.010140174778044382,
    -0.010080493313050345,
    -0.010017055972985396,
    -0.009949939241077281,
    -0.009879215365337703,
    -0.009804951901590656,
    -0.009727211302917009,
    -0.00964605057061616,
    -0.00956152098149086,
    -0.009473667905137912,
    -0.00938253072296071,
    -0.009288142857848859,
    -0.009190531920025728,
    -0.009089719970600898,
    -0.00898572390012599,
    -0.008878555915190432,
    -0.00876822412208696,
    -0.008654733193077802,
    -0.008538085098018351,
    -0.008418279882202048,
    -0.00829531647034609,
    -0.00816919347665415,
    -0.008039910001801865,
    -0.007907466399336436,
    -0.007771864996239143,
    -0.007633110755040863,
    -0.0074912118677286565,
    -0.007346180274580041,
    -0.007198032103829234,
    -0.0070467880306282205,
    -0.006892473556003437,
    -0.0067351192084067904,
    -0.006574760671994016,
    -0.006411438846921617,
    -0.006245199847792351,
    -0.00607609494692486,
    -0.005904180469388219,
    -0.005729517646832975,
    -0.005552172437060452,
    -0.005372215316066136,
    -0.005189721049021655,
    -0.00500476844634848,
    -0.004817440110725055,
    -0.004627822180606079,
    -0.004436004075643032,
    -0.0042420782493375565,
    -0.004046139954394454,
    -0.0038482870266410073,
    -0.003648619694186472,
    -0.003447240419876114,
    -0.003244253787365927,
    -0.003039766444764419,
    -0.002833887125714057,
    -0.0026267267766126186,
    -0.0024183988378132645,
    -0.0022090197335532516,
    -0.0019987097839931044,
    -0.001787594218163885,
    -0.0015758076042807665,
    -0.001363486272071567,
    -0.0011508386102094563,
    -0.0009378221670093191,
    -0.000725947591240836,
    -0.000509396210628829,
    -0.00031859943324128505,
    -5.5343330000380106e-05,
    6.980519410022661e-05
  ],
  "drag_coefficient": 0.08716920471947068,
  "kinetic_energy": 2.833416525740642,
  "sediment_flux": 5.891543488431778e-05,
  "phase_portrait": [
    [
      -0.06896979326286203,
      0.040143243645236026
    ],
    [
      -0.04332367083104999,
      0.02435184395699303
    ],
    [
      -0.011568226422684808,
      0.005224404770330704
    ],
    [
      0.021763081022415552,
      0.014469366929816251
    ],
    [
      0.053812984966176314,
      0.033400520260424636
    ],
    [
      0.08381731695936968,
      0.051142266699305966
    ],
    [
      0.10921685559601994,
      0.06606748473904618
    ],
    [
      0.12747877280082273,
      0.07665604906392384
    ],
    [
      0.13595559929249607,
      0.08126891562498119
    ],
    [
      0.13292513108817125,
      0.07884600786900187
    ],
    [
      0.1180359933483687,
      0.06922989818844723
    ],
    [
      0.09252252602545989,
      0.05330112813548368
    ],
    [
      0.059088459630426055,
      0.03287661727766548
    ],
    [
      0.021789961364758175,
      0.010527448574170527
    ],
    [
      -0.014018736934475865,
      0.010447259305505866
    ],
    [
      -0.04449345464805821,
      0.028158401221308166
    ],
    [
      -0.06851387407751262,
      0.042083743501755214
    ],
    [
      -0.08461205666202544,
      0.05124813200363438
    ],
    [
      -0.09072474981315656,
      0.05434902790460468
    ],
    [
      -0.08583449354454761,
      0.050816929735847595
    ],
    [
      -0.06985235541528542,
      0.04066796014695936
    ]
  ],
  "regime": "turbulent",