{
  "viscosity_ratio": 28.2827787100087,
  "reynolds_stress": [
    -0.0,
    -0.0006651908935073664,
    -0.0021010636633171146,
    -0.0033163423573195766,
    -0.004223085549370642,
    -0.004887054514364598,
    -0.005411892586919938,
    -0.005851220635310587,
    -0.006207617450834187,
    -0.00651465916475818,
    -0.006791085302661472,
    -0.007014627138693466,
    -0.007238233082513902,
    -0.0074549367556506355,
    -0.007616372077908379,
    -0.007778034106889144,
    -0.00793506359497413,
    -0.008053766529644698,
    -0.00818787494302424,
    -0.008256028958260647,
    -0.008327516041821638,
    -0.00838911292008976,
    -0.00845522580432462,
    -0.008500925914804277,
    -0.008539579761769183,
    -0.008572996722581331,
    -0.00863376019170182,
    -0.008698112531894734,
    -0.008763198611614006,
    -0.008826349154757634,
    -0.00888647816773424,
    -0.008942908087311565,
    -0.00899524828200303,
    -0.009043271374740956,
    -0.009086853565949416,
    -0.0091259378420792,
    -0.00916051202313698,
    -0.009190594797437154,
    -0.009216226291401664,
    -0.009237461438609134,
    -0.009254365298868387,
    -0.009267009793886954,
    -0.009275471447065795,
    -0.009279829811505132,
    -0.009280166366306986,
    -0.009276563735927909,
    -0.009269105133632053,
    -0.009257873956973457,
    -0.009242953481115252,
    -0.009224426609645195,
    -0.009202375653419363,
    -0.00917688211610314,
    -0.009148026471099845,
    -0.009115887919195698,
    -0.009080544120076426,
    -0.009042070894153027,
    -0.009000541894065147,
    -0.008956028247904348,
    -0.008908598178687928,
    -0.008858316606934674,
    -0.008805244745322884,
    -0.00874943969629865,
    -0.008690954065057186,
    -0.008629835601447738,
    -0.008566126884957479,
    -0.00849986506690865,
    -0.008431081683284453,
    -0.008359802550150454,
    -0.008286047751463656,
    -0.008209831726230384,
    -0.008131163458609092,
    -0.008050046770833564,
    -0.007966480714973547,
    -0.007880460055796349,
    -0.00779197583358726,
    -0.007701015992925931,
    -0.007607566061310932,
    -0.007511609860235368,
    -0.007413130230909027,
    -0.007312109757258762,
    -0.007208531470025716,
    -0.007102379517565098,
    -0.006993639791187646,
    -0.006882300495388057,
    -0.0067683526558890966,
    -0.006651790560984711,
    -0.006532612134024745,
    -0.006410819236999613,
    -0.00628641790698418,
    -0.006159418528647024,
    -0.00602983594716461,
    -0.005897689526662443,
    -0.005763003159821307,
    -0.0056258052345370246,
    -0.0054861285635619105,
    -0.0053440102829331,
    -0.005199491724739768,
    -0.0050526182694326715,
    -0.004903439182472064,
    -0.004752007439673692,
    -0.00459837954516391,
    -0.004442615345423218,
    -0.004284777842492794,
    -0.004124933009059821,
    -0.003963149607851037,
    -0.0037994990175477758,
    -0.003634055067327782,
    -0.003466893882170059,
    -0.003298093741257316,
    -0.0031277349522496937,
    -0.002955899744987067,
    -0.002782672189451049,
    -0.0026081381448460885,
    -0.002432385249962989,
    -0.0022555029698268225,
    -0.002077582724376923,
    -0.0018987181272872042,
    -0.0017190054588448415,
    -0.0015385441487612284,
    -0.0013574393763692754,
    -0.0011757965732603567,
    -0.000993767709764239,
    -0.0008113282346493966,
    -0.0006295347710887384,
    -0.00044414280740916065,
    -0.00027772847761296294,
    -5.31579395370304e-05,
    5.498059161751246e-05
  ],
  "drag_coefficient": 0.07030726341871038,
  "kinetic_energy": 2.8658117619121777,
  "sediment_flux": 3.6336508303180985e-05,
  "phase_portrait": [
    [
      -0.09151073455000992,
      0.03256542596771885
    ],
    [
      -0.058956131241431765,
      0.02014516399975484
    ],
    [
      -0.017564452530864687,
      0.004795552945509539
    ],
    [
      0.025916105595419195,
      0.010839002537999286
    ],
    [
      0.06770443985116689,
      0.02589421986342776
    ],
    [
      0.10716830595968174,
      0.04021349472725633
    ],
    [
      0.14124997430313185,
      0.05258917027118916
    ],
    [
      0.16659961479506116,
      0.06173530709602904
    ],
    [
      0.17941757539543018,
      0.06613901603433713
    ],
    [
      0.1772117319934069,
      0.06481581016794709
    ],
    [
      0.15924964126229063,
      0.05752052789304034
    ],
    [
      0.12687435405828285,
      0.04487860529139505
    ],
    [
      0.08367027194918489,
      0.028431108018175832
    ],
    [
      0.034497912545724485,
      0.010216547988250533
    ],
    [
      -0.01333936882281797,
      0.006920206411284909
    ],
    [
      -0.05378335990453237,
      0.02113837137760489
    ],
    [
      -0.08601782661607504,
      0.03255532206723468
    ],
    [
      -0.10779218239412701,
      0.04013450542419357
    ],
    [
      -0.11706473899613323,
      0.043075216704608454
    ],
    [
      -0.11205949258464895,
      0.04069141866133744
    ],
    [
      -0.09250897680664866,
      0.032932272448164344
    ]
  ],
  "regime": "turbulent",