{
  "viscosity_ratio": 28.320434751394682,
  "reynolds_stress": [
    -0.0,
    -0.0007415478658639891,
    -0.0021402538179337185,
    -0.003342980186397566,
    -0.004245472354610484,
    -0.004907561967376008,
    -0.0054304970337802315,
    -0.00586891825925203,
    -0.006225562013955905,
    -0.006531222297971854,
    -0.006807344050245977,
    -0.0070319721761146325,
    -0.007253638668466433,
    -0.007470653222824149,
    -0.007633763069727588,
    -0.0077939201807920525,
    -0.007951472189339956,
    -0.008071174621774745,
    -0.00820429932829998,
    -0.00827783361419488,
    -0.008344959457849575,
    -0.008409373249881797,
    -0.008473345510127179,
    -0.008520208333319299,
    -0.008559806443640105,
    -0.008591682805444242,
    -0.008651351306865692,
    -0.008715317533311692,
    -0.008780166183297081,
    -0.008843187668107896,
    -0.008903245775495096,
    -0.008959642138482354,
    -0.009011973749400408,
    -0.009060006018990258,
    -0.009103610499657175,
    -0.009142726922111467,
    -0.009177340650847595,
    -0.009207468438342538,
    -0.009233148843341235,
    -0.009254435501726067,
    -0.00927139237595551,
    -0.009284090442006291,
    -0.009292605395567524,
    -0.009297016055921158,
    -0.009297403243698512,
    -0.0092938489854645,
    -0.009286435945563937,
    -0.009275247012847222,
    -0.009260364987740119,
    -0.009241872328954128,
    -0.009219850930048675,
    -0.0091943819042508,
    -0.009165545361971169,
    -0.009133420170103764,
    -0.009098083686010764,
    -0.00905961146237256,
    -0.009018076922012577,
    -0.00897355100446912,
    -0.008926101788572519,
    -0.008875794097603234,
    -0.00882268909574678,
    -0.008766843886460879,
    -0.008708311124957317,
    -0.00864713865818347,
    -0.008583369206350147,
    -0.008517040100112425,
    -0.008448183086882716,
    -0.00837682421840239,
    -0.008302983829614268,
    -0.008226676616127571,
    -0.008147911814271278,
    -0.008066693484041163,
    -0.007983020891396072,
    -0.007896888982579817,
    -0.00780828893967904,
    -0.007717208803693499,
    -0.0076236341491856515,
    -0.007527548793188117,
    -0.007428935520533886,
    -0.007327776808131025,
    -0.007224055531800651,
    -0.007117755641049749,
    -0.007008862789348082,
    -0.0068973649099714806,
    -0.00678325273007986,
    -0.006666520218264754,
    -0.00654716496320284,
    -0.006425188483203198,
    -0.006300596468272375,
    -0.006173398957818874,
    -0.0060436104582717405,
    -0.005911250005712778,
    -0.005776341179153568,
    -0.00563891207036107,
    -0.005498995216192091,
    -0.005356627499278281,
    -0.0052118500226563036,
    -0.005064707963593477,
    -0.004915250411452805,
    -0.00476353019399939,
    -0.004609603696101518,
    -0.004453530674344935,
    -0.004295374070665332,
    -0.004135199827749757,
    -0.003973076708658847,
    -0.0038090761229015386,
    -0.0036432719610939857,
    -0.0034757404403486956,
    -0.003306559962742703,
    -0.0031358109896533646,
    -0.0029635759355262155,
    -0.0027899390859243626,
    -0.0026149865467327785,
    -0.0024388062346998875,
    -0.0022614879243531448,
    -0.002083123377086048,
    -0.0019038065805891213,
    -0.001723634222697484,
    -0.0015427061755083707,
    -0.0013611280990810644,
    -0.00117900594047862,
    -0.0009964922752300402,
    -0.0008135629612245781,
    -0.0006312766806423357,
    -0.0004453821092852261,
    -0.00027849935242502913,
    -5.332333569424366e-05,
    5.5108966472387155e-05
  ],
  "drag_coefficient": 0.0697582211313944,
  "kinetic_energy": 2.863394070286997,
  "sediment_flux": 7.243192651501228e-05,
  "phase_portrait": [
    [
      -0.0904519202547555,
      0.03218698015772516
    ],
    [
      -0.05811915968744524,
      0.01984394623506589
    ],
    [
      -0.017289448806965847,
      0.004702209202684697
    ],
    [
      0.02594149142293765,
      0.010841209973742593
    ],
    [
      0.06717888850513594,
      0.02567991265637643
    ],
    [
      0.10608751289237368,
      0.039797095888467866
    ],
    [
      0.14022117581294277,
      0.05222105663690663
    ],
    [
      0.16563345096014848,
      0.06140478102101308
    ],
    [
      0.17849615099089108,
      0.06583264306320331
    ],
    [
      0.17630553532797807,
      0.06451904849134689
    ],
    [
      0.158323210888328,
      0.0572177770393078
    ],
    [
      0.12588765653032113,
      0.04455255517212399
    ],
    [
      0.0825820515085808,
      0.0280624902838262
    ],
    [
      0.033885028495014236,
      0.010009409755002906
    ],
    [
      -0.013563411791824352,
      0.006995584185101766
    ],
    [
      -0.053597006161435784,
      0.02105031809169356
    ],
    [
      -0.08511987015838225,
      0.032191537130560874
    ],
    [
      -0.10677303546560651,
      0.03974962595391742
    ],
    [
      -0.1160638435403303,
      0.04271364916828684
    ],
    [
      -0.11105148955333666,
      0.04033361313933505
    ],
    [
      -0.09145400818855066,
      0.03255587863395221
    ]
  ],
  "regime": "turbulent",