{
  "viscosity_ratio": 11.821424759815677,
  "reynolds_stress": [
    -0.0,
    -0.0008928380332498154,
    -0.0026086229919891368,
    -0.0040859525757415156,
    -0.005186733581132033,
    -0.006003168252278212,
    -0.0066495196097989,
    -0.007153992719763693,
    -0.0075706851392628675,
    -0.007964342902385315,
    -0.008263419460482374,
    -0.008511688128705217,
    -0.008776806648608308,
    -0.00898256848780871,
    -0.00918632424048296,
    -0.009369526874380677,
    -0.009498723736483824,
    -0.009640727225680967,
    -0.009699978835562478,
    -0.009791114165976616,
    -0.009883125768291885,
    -0.009872797920746133,
    -0.00987682653505377,
    -0.0099020771299737,
    -0.009985929464064425,
    -0.010050708515984889,
    -0.010116128327800891,
    -0.010177030408688661,
    -0.010232708077502367,
    -0.010282610493374861,
    -0.010326401413368495,
    -0.010363867790628808,
    -0.010394894230703349,
    -0.010419435959826449,
    -0.010437496129967411,
    -0.010449107760420231,
    -0.010454321228581,
    -0.010453196660364896,
    -0.010445799633471184,
    -0.01043219870305929,
    -0.010412463847400081,
    -0.010386665430007203,
    -0.010354873529594487,
    -0.01031715756823183,
    -0.010273586175517225,
    -0.010224227224985578,
    -0.010169147986300977,
    -0.010108415349450003,
    -0.010042096088789365,
    -0.00997025714304946,
    -0.009892965892992569,
    -0.00981029042265775,
    -0.009722299753542931,
    -0.009629064043766242,
    -0.009530654746341247,
    -0.0094271447223993,
    -0.00931860830673332,
    -0.009205121324596393,
    -0.009086761060329107,
    -0.008963606180174461,
    -0.008835736613599657,
    -0.00870323339955626,
    -0.008566178506339565,
    -0.008424654635950537,
    -0.00827874502599475,
    -0.008128533263988288,
    -0.007974103130294799,
    -0.00781553848656634,
    -0.007652923226300976,
    -0.007486341302815246,
    -0.007315876847447193,
    -0.007141614387190803,
    -0.0069636391663168125,
    -0.0067820375711164374,
    -0.0065968976510424535,
    -0.006408309723604238,
    -0.006216367044809507,
    -0.006021166522048828,
    -0.005822809442321031,
    -0.005621402185648831,
    -0.005417056891308564,
    -0.005209892042800345,
    -0.0050000329358285255,
    -0.004787611991319452,
    -0.004572768872024935,
    -0.004355650355135159,
    -0.004136409905691898,
    -0.003915206875558651,
    -0.003692205258684497,
    -0.0034675717950495228,
    -0.003241473606396985,
    -0.003014073773036927,
    -0.002785529615544609,
    -0.002555974424913802,
    -0.0023255474729639847,
    -0.002094248249124817,
    -0.0018623285401658265,
    -0.001629022702569224,
    -0.0013959297884329738,
    -0.0011580041280439687,
    -0.0009248886913960155,
    -0.0006702799509754366,
    -0.00043971171762170573,
    -0.00025545357485753435,
    -0.00011323722943867155,
    -1.0764873531186434e-05,
    4.037858385826668e-05,
    5.945170837877316e-05,
    7.951338447997715e-05,
    9.569377008919972e-05,
    0.00010865041330176938,
    0.00011832786344604141,
    0.0001250688875208504,
    0.0001290777587845215,
    0.00013054300456617356,
    0.00012963011041135518,
    0.0001264926585919238,
    0.0001212771626360897,
    0.00011412712529229485,
    0.00010518630294496847,
    9.460131990401113e-05,
    8.25270045140774e-05,
    6.911860517814247e-05,
    5.460898850847424e-05,
    3.8936919491603315e-05,
    2.3853677808104965e-05,
    4.405339849899588e-06,
    -4.579652580518461e-06
  ],
  "drag_coefficient": 0.07012065535386648,
  "kinetic_energy": 3.249643504896271,
  "sediment_flux": 0.0020526637592196617,
  "phase_portrait": [
    [
      -0.08380572335161394,
      0.02975431692051926
    ],
    [
      -0.05177978213394359,
      0.017553470930950058
    ],
    [
      -0.01146181580482809,
      0.0026474918191028303
    ],
    [
      0.031011377772363194,
      0.012589916754029967
    ],
    [
      0.07203657805356842,
      0.027397745360313332
    ],
    [
      0.11112190061216666,
      0.0416057638170385
    ],
    [
      0.14560521165934961,
      0.05418550313874183
    ],
    [
      0.1713644363905641,
      0.06352095004486095
    ],
    [
      0.18456699661330117,
      0.06808855156540337
    ],
    [
      0.18291079044697173,
      0.06697783340945312
    ],
    [
      0.16536711561597264,
      0.059831454013117125
    ],
    [
      0.13311610318050787,
      0.047209500778110446
    ],
    [
      0.08971084322769714,
      0.030639512869602648
    ],
    [
      0.04062452409847974,
      0.012384548006199394
    ],
    [
      -0.007600264165846291,
      0.004949288066732845
    ],
    [
      -0.048415776503445175,
      0.019228717440019225
    ],
    [
      -0.08001090868800137,
      0.03034982406149501
    ],
    [
      -0.10149898342205742,
      0.03781872418135127
    ],
    [
      -0.11061102738389096,
      0.04070252022923474
    ],
    [
      -0.10551025718245938,
      0.03828846324271738
    ],
    [
      -0.0859682449648328,
      0.03054278456660482
    ]
  ],
  "regime": "turbulent",